#
# There is insufficient memory for the Java Runtime Environment to continue.
# Native memory allocation (mmap) failed to map 617611264 bytes for G1 virtual space
# Possible reasons:
#   The system is out of physical RAM or swap space
#   The process is running with CompressedOops enabled, and the Java Heap may be blocking the growth of the native heap
# Possible solutions:
#   Reduce memory load on the system
#   Increase physical memory or swap space
#   Check if swap backing store is full
#   Decrease Java heap size (-Xmx/-Xms)
#   Decrease number of Java threads
#   Decrease Java thread stack sizes (-Xss)
#   Set larger code cache with -XX:ReservedCodeCacheSize=
#   JVM is running with Unscaled Compressed Oops mode in which the Java heap is
#     placed in the first 4GB address space. The Java Heap base address is the
#     maximum limit for the native heap growth. Please use -XX:HeapBaseMinAddress
#     to set the Java Heap base and to place the Java Heap above 4GB virtual address.
# This output file may be truncated or incomplete.
#
#  Out of Memory Error (os_windows.cpp:3548), pid=41268, tid=28280
#
# JRE version: Java(TM) SE Runtime Environment (17.0.12+8) (build 17.0.12+8-LTS-286)
# Java VM: Java HotSpot(TM) 64-Bit Server VM (17.0.12+8-LTS-286, mixed mode, sharing, tiered, compressed oops, compressed class ptrs, g1 gc, windows-amd64)
# No core dump will be written. Minidumps are not enabled by default on client versions of Windows
#

---------------  S U M M A R Y ------------

Command Line: --add-opens=java.base/java.util=ALL-UNNAMED --add-opens=java.base/java.lang=ALL-UNNAMED --add-opens=java.base/java.lang.invoke=ALL-UNNAMED --add-opens=java.prefs/java.util.prefs=ALL-UNNAMED --add-opens=java.base/java.nio.charset=ALL-UNNAMED --add-opens=java.base/java.net=ALL-UNNAMED --add-opens=java.base/java.util.concurrent.atomic=ALL-UNNAMED -Xmx2048m -Dfile.encoding=UTF-8 -Duser.country=CN -Duser.language=zh -Duser.variant org.gradle.launcher.daemon.bootstrap.GradleDaemon 7.6.4

Host: AMD Ryzen 9 5950X 16-Core Processor            , 32 cores, 31G,  Windows 10 , 64 bit Build 19041 (10.0.19041.5915)
Time: Thu Sep 17 02:44:01 2026  Windows 10 , 64 bit Build 19041 (10.0.19041.5915) elapsed time: 25189.557459 seconds (0d 6h 59m 49s)

---------------  T H R E A D  ---------------

Current thread (0x0000025d7ac08830):  VMThread "VM Thread" [stack: 0x00000078ccf00000,0x00000078cd000000] [id=28280]

Stack: [0x00000078ccf00000,0x00000078cd000000]
Native frames: (J=compiled Java code, j=interpreted, Vv=VM code, C=native code)
V  [jvm.dll+0x67a04a]
V  [jvm.dll+0x7da4ed]
V  [jvm.dll+0x7dbe33]
V  [jvm.dll+0x7dc4a3]
V  [jvm.dll+0x24508f]
V  [jvm.dll+0x677089]
V  [jvm.dll+0x66bd32]
V  [jvm.dll+0x301fa6]
V  [jvm.dll+0x309546]
V  [jvm.dll+0x359d2e]
V  [jvm.dll+0x359f5f]
V  [jvm.dll+0x2d9078]
V  [jvm.dll+0x2d74ad]
V  [jvm.dll+0x2d6afc]
V  [jvm.dll+0x31a65b]
V  [jvm.dll+0x7e0d9b]
V  [jvm.dll+0x7e1ad4]
V  [jvm.dll+0x7e1fed]
V  [jvm.dll+0x7e23c4]
V  [jvm.dll+0x7e2490]
V  [jvm.dll+0x78abea]
V  [jvm.dll+0x678f35]
C  [ucrtbase.dll+0x21bb2]
C  [KERNEL32.DLL+0x17374]
C  [ntdll.dll+0x4cc91]

VM_Operation (0x00000078e21fd040): G1CollectForAllocation, mode: safepoint, requested by thread 0x0000025d4394a2d0


---------------  P R O C E S S  ---------------

Threads class SMR info:
_java_thread_list=0x0000025d81862940, length=374, elements={
0x0000025d5a73d9e0, 0x0000025d7ac0c240, 0x0000025d7ac0cdd0, 0x0000025d7ac2a160,
0x0000025d7ac2ca50, 0x0000025d7ac2d320, 0x0000025d7ac2dbf0, 0x0000025d7ac2e7f0,
0x0000025d7ac371c0, 0x0000025d7ac3b560, 0x0000025d7ada4f60, 0x0000025d7adaa080,
0x0000025d4233d820, 0x0000025d43173010, 0x0000025d42248d60, 0x0000025d42245ac0,
0x0000025d422469f0, 0x0000025d42246f00, 0x0000025d42e783b0, 0x0000025d42e77990,
0x0000025d42e77ea0, 0x0000025d42e788c0, 0x0000025d46b1bc40, 0x0000025d46b18eb0,
0x0000025d46b1daa0, 0x0000025d424a80c0, 0x0000025d424a6770, 0x0000025d424a1b80,
0x0000025d424a85d0, 0x0000025d424a8ae0, 0x0000025d424a8ff0, 0x0000025d48530b10,
0x0000025d4852f6d0, 0x0000025d4852ecb0, 0x0000025d48531020, 0x0000025d4852a5d0,
0x0000025d4852e290, 0x0000025d4852b500, 0x0000025d48531530, 0x0000025d4852dd80,
0x0000025d4852ba10, 0x0000025d4852a0c0, 0x0000025d4852f1c0, 0x0000025d4852bf20,
0x0000025d48531a40, 0x0000025d4852c940, 0x0000025d4852aae0, 0x0000025d4852ce50,
0x0000025d4852d870, 0x0000025d4852c430, 0x0000025d4852fbe0, 0x0000025d4852aff0,
0x0000025d4852d360, 0x0000025d4852e7a0, 0x0000025d43b30ae0, 0x0000025d43b2d840,
0x0000025d802673e0, 0x0000025d80269c60, 0x0000025d8026bfd0, 0x0000025d4394d060,
0x0000025d43948e90, 0x0000025d49529170, 0x0000025d8025e620, 0x0000025d80252ad0,
0x0000025d8025d1e0, 0x0000025d80260ea0, 0x0000025d8025b890, 0x0000025d802580e0,
0x0000025d5796e680, 0x0000025d8025ae70, 0x0000025d80265fa0, 0x0000025d8025ccd0,
0x0000025d5796f5b0, 0x0000025d49533370, 0x0000025d495203b0, 0x0000025d4952d850,
0x0000025d49537a50, 0x0000025d579607c0, 0x0000025d49529b90, 0x0000025d495356e0,
0x0000025d49527820, 0x0000025d4952f1a0, 0x0000025d46b1a2f0, 0x0000025d46b1a800,
0x0000025d46b1e4c0, 0x0000025d46b1ad10, 0x0000025d46b1c150, 0x0000025d46b193c0,
0x0000025d46b198d0, 0x0000025d46b1dfb0, 0x0000025d46b1e9d0, 0x0000025d46b1b220,
0x0000025d46b17560, 0x0000025d46b19de0, 0x0000025d46b1c660, 0x0000025d46b1cb70,
0x0000025d46b17f80, 0x0000025d579523f0, 0x0000025d57950080, 0x0000025d57953830,
0x0000025d579519d0, 0x0000025d57951ee0, 0x0000025d57950fb0, 0x0000025d579514c0,
0x0000025d57956ad0, 0x0000025d57953d40, 0x0000025d57952e10, 0x0000025d579574f0,
0x0000025d57950590, 0x0000025d579565c0, 0x0000025d57952900, 0x0000025d57955180,
0x0000025d57953320, 0x0000025d57955690, 0x0000025d57957f10, 0x0000025d57954250,
0x0000025d57957a00, 0x0000025d57954c70, 0x0000025d57955ba0, 0x0000025d579560b0,
0x0000025d57950aa0, 0x0000025d57958930, 0x0000025d57959d70, 0x0000025d57959350,
0x0000025d5795a280, 0x0000025d5795cb00, 0x0000025d5795a790, 0x0000025d5795aca0,
0x0000025d5795b1b0, 0x0000025d5795b6c0, 0x0000025d57959860, 0x0000025d57958420,
0x0000025d5795d520, 0x0000025d57958e40, 0x0000025d5795bbd0, 0x0000025d5795c0e0,
0x0000025d5795da30, 0x0000025d5795c5f0, 0x0000025d5795d010, 0x0000025d5795df40,
0x0000025d5795e450, 0x0000025d57956fe0, 0x0000025d5795e960, 0x0000025d57963f70,
0x0000025d5795f890, 0x0000025d5795f380, 0x0000025d57963040, 0x0000025d5795ee70,
0x0000025d579616f0, 0x0000025d5795fda0, 0x0000025d579602b0, 0x0000025d57960cd0,
0x0000025d579611e0, 0x0000025d57963a60, 0x0000025d57962b30, 0x0000025d57961c00,
0x0000025d57963550, 0x0000025d57962620, 0x0000025d57962110, 0x0000025d57968650,
0x0000025d57964990, 0x0000025d5796b8f0, 0x0000025d57969fa0, 0x0000025d5796a4b0,
0x0000025d57964480, 0x0000025d57965dd0, 0x0000025d5796a9c0, 0x0000025d5796aed0,
0x0000025d5796be00, 0x0000025d57964ea0, 0x0000025d57966d00, 0x0000025d579662e0,
0x0000025d57969070, 0x0000025d5796c310, 0x0000025d57967210, 0x0000025d5796cd30,
0x0000025d579658c0, 0x0000025d579667f0, 0x0000025d5796e170, 0x0000025d57969580,
0x0000025d5796eb90, 0x0000025d5796d750, 0x0000025d57967720, 0x0000025d57969a90,
0x0000025d5796f0a0, 0x0000025d57967c30, 0x0000025d57968140, 0x0000025d5796fac0,
0x0000025d80254420, 0x0000025d80258b00, 0x0000025d802571b0, 0x0000025d80253f10,
0x0000025d80254930, 0x0000025d802585f0, 0x0000025d80254e40, 0x0000025d80259010,
0x0000025d802520b0, 0x0000025d80255350, 0x0000025d802576c0, 0x0000025d80259520,
0x0000025d80256790, 0x0000025d80257bd0, 0x0000025d80259a30, 0x0000025d802525c0,
0x0000025d80255d70, 0x0000025d80252fe0, 0x0000025d80259f40, 0x0000025d80256280,
0x0000025d80256ca0, 0x0000025d80253a00, 0x0000025d8025a450, 0x0000025d802534f0,
0x0000025d80260480, 0x0000025d80260990, 0x0000025d8025eb30, 0x0000025d8025bda0,
0x0000025d8025dc00, 0x0000025d8025d6f0, 0x0000025d80263210, 0x0000025d80263c30,
0x0000025d8025e110, 0x0000025d80263720, 0x0000025d8025fa60, 0x0000025d802613b0,
0x0000025d8025f040, 0x0000025d802618c0, 0x0000025d80261dd0, 0x0000025d8025f550,
0x0000025d802622e0, 0x0000025d802627f0, 0x0000025d80262d00, 0x0000025d8025c7c0,
0x0000025d80264650, 0x0000025d80264140, 0x0000025d80264b60, 0x0000025d80265070,
0x0000025d80265580, 0x0000025d80265a90, 0x0000025d80268310, 0x0000025d8026de30,
0x0000025d8026d410, 0x0000025d802669c0, 0x0000025d8026fc90, 0x0000025d8026a680,
0x0000025d8026e340, 0x0000025d8026b5b0, 0x0000025d80268820, 0x0000025d8026e850,
0x0000025d8026ed60, 0x0000025d802701a0, 0x0000025d8026f270, 0x0000025d8026f780,
0x0000025d80268d30, 0x0000025d80269240, 0x0000025d80270bc0, 0x0000025d802710d0,
0x0000025d802715e0, 0x0000025d80271af0, 0x0000025d4951d110, 0x0000025d49524a90,
0x0000025d49522720, 0x0000025d49523b60, 0x0000025d4951fea0, 0x0000025d49524070,
0x0000025d49524580, 0x0000025d49523650, 0x0000025d4951d620, 0x0000025d49524fa0,
0x0000025d49522c30, 0x0000025d4951e550, 0x0000025d49521d00, 0x0000025d4951db30,
0x0000025d49522210, 0x0000025d495254b0, 0x0000025d495208c0, 0x0000025d4951e040,
0x0000025d49520dd0, 0x0000025d4951ef70, 0x0000025d49525ed0, 0x0000025d495268f0,
0x0000025d4951f480, 0x0000025d495212e0, 0x0000025d49526e00, 0x0000025d4951f990,
0x0000025d4952c920, 0x0000025d49528240, 0x0000025d4952b4e0, 0x0000025d4952d340,
0x0000025d4952dd60, 0x0000025d4952aac0, 0x0000025d4952e270, 0x0000025d49528750,
0x0000025d4952e780, 0x0000025d49527310, 0x0000025d49529680, 0x0000025d4952afd0,
0x0000025d4952a5b0, 0x0000025d4952a0a0, 0x0000025d4952ec90, 0x0000025d4952b9f0,
0x0000025d49527d30, 0x0000025d4952f6b0, 0x0000025d49530af0, 0x0000025d49531000,
0x0000025d495300d0, 0x0000025d4952fbc0, 0x0000025d495305e0, 0x0000025d495342a0,
0x0000025d49533880, 0x0000025d49537f60, 0x0000025d49538470, 0x0000025d49532e60,
0x0000025d49535bf0, 0x0000025d49536610, 0x0000025d49536b20, 0x0000025d49538980,
0x0000025d49531a20, 0x0000025d4953b200, 0x0000025d4953cb50, 0x0000025d495398b0,
0x0000025d4953a2d0, 0x0000025d4953bc20, 0x0000025d4953a7e0, 0x0000025d4953b710,
0x0000025d4953c130, 0x0000025d4953acf0, 0x0000025d4953c640, 0x0000025d4394b200,
0x0000025d43948470, 0x0000025d43947540, 0x0000025d439493a0, 0x0000025d43948980,
0x0000025d4394b710, 0x0000025d43947030, 0x0000025d43947f60, 0x0000025d4394e4a0,
0x0000025d43947a50, 0x0000025d4394d570, 0x0000025d43950300, 0x0000025d4394da80,
0x0000025d4394df90, 0x0000025d4394bc20, 0x0000025d439498b0, 0x0000025d4394a2d0,
0x0000025d4394a7e0, 0x0000025d4394eec0, 0x0000025d4394c130, 0x0000025d4394f3d0,
0x0000025d43950d20, 0x0000025d4394f8e0, 0x0000025d43951230, 0x0000025d43949dc0,
0x0000025d43951740, 0x0000025d43952160, 0x0000025d43952670, 0x0000025d43955e20,
0x0000025d43953ab0, 0x0000025d43952b80, 0x0000025d4394fdf0, 0x0000025d43953090,
0x0000025d43953fc0, 0x0000025d439535a0, 0x0000025d43956330, 0x0000025d439544d0,
0x0000025d439549e0, 0x0000025d43954ef0, 0x0000025d43955400, 0x0000025d8df78c10,
0x0000025d8df7d2f0, 0x0000025d8df777d0, 0x0000025d491b6aa0, 0x0000025d491b6550,
0x0000025d491b6000, 0x0000025d491b6ff0
}

Java Threads: ( => current thread )
  0x0000025d5a73d9e0 JavaThread "main" [_thread_blocked, id=51904, stack(0x00000078cc900000,0x00000078cca00000)]
  0x0000025d7ac0c240 JavaThread "Reference Handler" daemon [_thread_blocked, id=36340, stack(0x00000078cd000000,0x00000078cd100000)]
  0x0000025d7ac0cdd0 JavaThread "Finalizer" daemon [_thread_blocked, id=38616, stack(0x00000078cd100000,0x00000078cd200000)]
  0x0000025d7ac2a160 JavaThread "Signal Dispatcher" daemon [_thread_blocked, id=45936, stack(0x00000078cd200000,0x00000078cd300000)]
  0x0000025d7ac2ca50 JavaThread "Attach Listener" daemon [_thread_blocked, id=23192, stack(0x00000078cd300000,0x00000078cd400000)]
  0x0000025d7ac2d320 JavaThread "Service Thread" daemon [_thread_blocked, id=56624, stack(0x00000078cd400000,0x00000078cd500000)]
  0x0000025d7ac2dbf0 JavaThread "Monitor Deflation Thread" daemon [_thread_blocked, id=44156, stack(0x00000078cd500000,0x00000078cd600000)]
  0x0000025d7ac2e7f0 JavaThread "C2 CompilerThread0" daemon [_thread_blocked, id=43444, stack(0x00000078cd600000,0x00000078cd700000)]
  0x0000025d7ac371c0 JavaThread "C1 CompilerThread0" daemon [_thread_blocked, id=34096, stack(0x00000078cd700000,0x00000078cd800000)]
  0x0000025d7ac3b560 JavaThread "Sweeper thread" daemon [_thread_blocked, id=36608, stack(0x00000078cd800000,0x00000078cd900000)]
  0x0000025d7ada4f60 JavaThread "Common-Cleaner" daemon [_thread_blocked, id=49888, stack(0x00000078cda00000,0x00000078cdb00000)]
  0x0000025d7adaa080 JavaThread "Notification Thread" daemon [_thread_blocked, id=55440, stack(0x00000078cdb00000,0x00000078cdc00000)]
  0x0000025d4233d820 JavaThread "Daemon health stats" [_thread_blocked, id=47508, stack(0x00000078cee00000,0x00000078cef00000)]
  0x0000025d43173010 JavaThread "Incoming local TCP Connector on port 11313" [_thread_in_native, id=16780, stack(0x00000078cef00000,0x00000078cf000000)]
  0x0000025d42248d60 JavaThread "Daemon periodic checks" [_thread_blocked, id=54380, stack(0x00000078cf000000,0x00000078cf100000)]
  0x0000025d42245ac0 JavaThread "Cache worker for journal cache (C:\Users\yuanshi\.gradle\caches\journal-1)" [_thread_blocked, id=50940, stack(0x00000078cf800000,0x00000078cf900000)]
  0x0000025d422469f0 JavaThread "File lock request listener" [_thread_in_native, id=47940, stack(0x00000078cf900000,0x00000078cfa00000)]
  0x0000025d42246f00 JavaThread "Cache worker for file hash cache (C:\Users\yuanshi\.gradle\caches\7.6.4\fileHashes)" [_thread_blocked, id=22856, stack(0x00000078cfa00000,0x00000078cfb00000)]
  0x0000025d42e783b0 JavaThread "File watcher server" daemon [_thread_blocked, id=28416, stack(0x00000078cfc00000,0x00000078cfd00000)]
  0x0000025d42e77990 JavaThread "File watcher consumer" daemon [_thread_blocked, id=2564, stack(0x00000078cfd00000,0x00000078cfe00000)]
  0x0000025d42e77ea0 JavaThread "Cache worker for file content cache (C:\Users\yuanshi\.gradle\caches\7.6.4\fileContent)" [_thread_blocked, id=35800, stack(0x00000078d0000000,0x00000078d0100000)]
  0x0000025d42e788c0 JavaThread "Cache worker for execution history cache (C:\Users\yuanshi\.gradle\caches\7.6.4\executionHistory)" [_thread_blocked, id=55060, stack(0x00000078d1300000,0x00000078d1400000)]
  0x0000025d46b1bc40 JavaThread "jar transforms" [_thread_blocked, id=46176, stack(0x00000078d1500000,0x00000078d1600000)]
  0x0000025d46b18eb0 JavaThread "jar transforms Thread 2" [_thread_blocked, id=53068, stack(0x00000078d1600000,0x00000078d1700000)]
  0x0000025d46b1daa0 JavaThread "jar transforms Thread 3" [_thread_blocked, id=22644, stack(0x00000078d1800000,0x00000078d1900000)]
  0x0000025d424a80c0 JavaThread "jar transforms Thread 4" [_thread_blocked, id=48792, stack(0x00000078d9200000,0x00000078d9300000)]
  0x0000025d424a6770 JavaThread "jar transforms Thread 5" [_thread_blocked, id=50044, stack(0x00000078d9300000,0x00000078d9400000)]
  0x0000025d424a1b80 JavaThread "jar transforms Thread 6" [_thread_blocked, id=58240, stack(0x00000078e2800000,0x00000078e2900000)]
  0x0000025d424a85d0 JavaThread "jar transforms Thread 7" [_thread_blocked, id=56968, stack(0x00000078e2900000,0x00000078e2a00000)]
  0x0000025d424a8ae0 JavaThread "jar transforms Thread 8" [_thread_blocked, id=47856, stack(0x00000078e2a00000,0x00000078e2b00000)]
  0x0000025d424a8ff0 JavaThread "jar transforms Thread 9" [_thread_blocked, id=45976, stack(0x00000078e2b00000,0x00000078e2c00000)]
  0x0000025d48530b10 JavaThread "jar transforms Thread 10" [_thread_blocked, id=48856, stack(0x00000078e2c00000,0x00000078e2d00000)]
  0x0000025d4852f6d0 JavaThread "jar transforms Thread 11" [_thread_blocked, id=41908, stack(0x00000078e2d00000,0x00000078e2e00000)]
  0x0000025d4852ecb0 JavaThread "jar transforms Thread 12" [_thread_blocked, id=43572, stack(0x00000078e2e00000,0x00000078e2f00000)]
  0x0000025d48531020 JavaThread "jar transforms Thread 13" [_thread_blocked, id=612, stack(0x00000078e2f00000,0x00000078e3000000)]
  0x0000025d4852a5d0 JavaThread "jar transforms Thread 14" [_thread_blocked, id=18184, stack(0x00000078e3000000,0x00000078e3100000)]
  0x0000025d4852e290 JavaThread "jar transforms Thread 15" [_thread_blocked, id=48996, stack(0x00000078e3100000,0x00000078e3200000)]
  0x0000025d4852b500 JavaThread "jar transforms Thread 16" [_thread_blocked, id=22904, stack(0x00000078e3200000,0x00000078e3300000)]
  0x0000025d48531530 JavaThread "jar transforms Thread 17" [_thread_blocked, id=42600, stack(0x00000078e3300000,0x00000078e3400000)]
  0x0000025d4852dd80 JavaThread "jar transforms Thread 18" [_thread_blocked, id=40220, stack(0x00000078e3400000,0x00000078e3500000)]
  0x0000025d4852ba10 JavaThread "jar transforms Thread 19" [_thread_blocked, id=17500, stack(0x00000078e3500000,0x00000078e3600000)]
  0x0000025d4852a0c0 JavaThread "jar transforms Thread 20" [_thread_blocked, id=16636, stack(0x00000078e3600000,0x00000078e3700000)]
  0x0000025d4852f1c0 JavaThread "jar transforms Thread 21" [_thread_blocked, id=16716, stack(0x00000078e3700000,0x00000078e3800000)]
  0x0000025d4852bf20 JavaThread "jar transforms Thread 22" [_thread_blocked, id=50784, stack(0x00000078e3800000,0x00000078e3900000)]
  0x0000025d48531a40 JavaThread "jar transforms Thread 23" [_thread_blocked, id=4440, stack(0x00000078e3900000,0x00000078e3a00000)]
  0x0000025d4852c940 JavaThread "jar transforms Thread 24" [_thread_blocked, id=31188, stack(0x00000078e3a00000,0x00000078e3b00000)]
  0x0000025d4852aae0 JavaThread "jar transforms Thread 25" [_thread_blocked, id=17628, stack(0x00000078e3b00000,0x00000078e3c00000)]
  0x0000025d4852ce50 JavaThread "jar transforms Thread 26" [_thread_blocked, id=43724, stack(0x00000078e3c00000,0x00000078e3d00000)]
  0x0000025d4852d870 JavaThread "jar transforms Thread 27" [_thread_blocked, id=15764, stack(0x00000078e3d00000,0x00000078e3e00000)]
  0x0000025d4852c430 JavaThread "jar transforms Thread 28" [_thread_blocked, id=56152, stack(0x00000078e3e00000,0x00000078e3f00000)]
  0x0000025d4852fbe0 JavaThread "jar transforms Thread 29" [_thread_blocked, id=48380, stack(0x00000078e3f00000,0x00000078e4000000)]
  0x0000025d4852aff0 JavaThread "jar transforms Thread 30" [_thread_blocked, id=21744, stack(0x00000078e4000000,0x00000078e4100000)]
  0x0000025d4852d360 JavaThread "jar transforms Thread 31" [_thread_blocked, id=3112, stack(0x00000078e4100000,0x00000078e4200000)]
  0x0000025d4852e7a0 JavaThread "jar transforms Thread 32" [_thread_blocked, id=44444, stack(0x00000078e4200000,0x00000078e4300000)]
  0x0000025d43b30ae0 JavaThread "Memory manager" [_thread_blocked, id=15060, stack(0x00000078e4900000,0x00000078e4a00000)]
  0x0000025d43b2d840 JavaThread "pool-3-thread-1" [_thread_blocked, id=19608, stack(0x00000078e4b00000,0x00000078e4c00000)]
  0x0000025d802673e0 JavaThread "RMI Scheduler(0)" daemon [_thread_blocked, id=10864, stack(0x00000078ec300000,0x00000078ec400000)]
  0x0000025d80269c60 JavaThread "RMI TCP Accept-0" daemon [_thread_in_native, id=35648, stack(0x00000078ecd00000,0x00000078ece00000)]
  0x0000025d8026bfd0 JavaThread "Cache worker for Java compile cache (C:\Users\yuanshi\.gradle\caches\7.6.4\javaCompile)" [_thread_blocked, id=12884, stack(0x00000078e9600000,0x00000078e9700000)]
  0x0000025d4394d060 JavaThread "pool-8-thread-1" [_thread_blocked, id=44096, stack(0x00000078dad00000,0x00000078dae00000)]
  0x0000025d43948e90 JavaThread "pool-11-thread-1" [_thread_blocked, id=50244, stack(0x00000078dae00000,0x00000078daf00000)]
  0x0000025d49529170 JavaThread "pool-14-thread-1" [_thread_blocked, id=50216, stack(0x00000078db000000,0x00000078db100000)]
  0x0000025d8025e620 JavaThread "pool-19-thread-1" [_thread_blocked, id=48540, stack(0x00000078daf00000,0x00000078db000000)]
  0x0000025d80252ad0 JavaThread "pool-24-thread-1" [_thread_blocked, id=38368, stack(0x00000078da900000,0x00000078daa00000)]
  0x0000025d8025d1e0 JavaThread "pool-29-thread-1" [_thread_blocked, id=56428, stack(0x00000078db100000,0x00000078db200000)]
  0x0000025d80260ea0 JavaThread "pool-34-thread-1" [_thread_blocked, id=55112, stack(0x00000078db200000,0x00000078db300000)]
  0x0000025d8025b890 JavaThread "pool-39-thread-1" [_thread_blocked, id=37380, stack(0x00000078da800000,0x00000078da900000)]
  0x0000025d802580e0 JavaThread "pool-44-thread-1" [_thread_blocked, id=55736, stack(0x00000078db600000,0x00000078db700000)]
  0x0000025d5796e680 JavaThread "pool-47-thread-1" [_thread_blocked, id=51676, stack(0x00000078dac00000,0x00000078dad00000)]
  0x0000025d8025ae70 JavaThread "pool-51-thread-1" [_thread_blocked, id=28976, stack(0x00000078db700000,0x00000078db800000)]
  0x0000025d80265fa0 JavaThread "pool-55-thread-1" [_thread_blocked, id=10516, stack(0x00000078db900000,0x00000078dba00000)]
  0x0000025d8025ccd0 JavaThread "pool-59-thread-1" [_thread_blocked, id=46764, stack(0x00000078daa00000,0x00000078dab00000)]
  0x0000025d5796f5b0 JavaThread "pool-62-thread-1" [_thread_blocked, id=47692, stack(0x00000078dba00000,0x00000078dbb00000)]
  0x0000025d49533370 JavaThread "pool-67-thread-1" [_thread_blocked, id=35740, stack(0x00000078db400000,0x00000078db500000)]
  0x0000025d495203b0 JavaThread "pool-71-thread-1" [_thread_blocked, id=45320, stack(0x00000078dbd00000,0x00000078dbe00000)]
  0x0000025d4952d850 JavaThread "pool-75-thread-1" [_thread_blocked, id=37508, stack(0x00000078dbb00000,0x00000078dbc00000)]
  0x0000025d49537a50 JavaThread "pool-80-thread-1" [_thread_blocked, id=28860, stack(0x00000078da400000,0x00000078da500000)]
  0x0000025d579607c0 JavaThread "pool-83-thread-1" [_thread_blocked, id=39568, stack(0x00000078dc300000,0x00000078dc400000)]
  0x0000025d49529b90 JavaThread "pool-88-thread-1" [_thread_blocked, id=45268, stack(0x00000078da600000,0x00000078da700000)]
  0x0000025d495356e0 JavaThread "pool-92-thread-1" [_thread_blocked, id=25168, stack(0x00000078db800000,0x00000078db900000)]
  0x0000025d49527820 JavaThread "pool-97-thread-1" [_thread_blocked, id=9940, stack(0x00000078db500000,0x00000078db600000)]
  0x0000025d4952f1a0 JavaThread "pool-102-thread-1" [_thread_blocked, id=53008, stack(0x00000078dbc00000,0x00000078dbd00000)]
  0x0000025d46b1a2f0 JavaThread "Daemon Thread 18" [_thread_blocked, id=48692, stack(0x00000078cc600000,0x00000078cc700000)]
  0x0000025d46b1a800 JavaThread "Handler for socket connection from /127.0.0.1:11313 to /127.0.0.1:2780" [_thread_in_native, id=10704, stack(0x00000078cc700000,0x00000078cc800000)]
  0x0000025d46b1e4c0 JavaThread "Cancel handler" [_thread_blocked, id=43740, stack(0x00000078cc800000,0x00000078cc900000)]
  0x0000025d46b1ad10 JavaThread "Daemon worker Thread 17" [_thread_blocked, id=46788, stack(0x00000078cd900000,0x00000078cda00000)]
  0x0000025d46b1c150 JavaThread "Asynchronous log dispatcher for DefaultDaemonConnection: socket connection from /127.0.0.1:11313 to /127.0.0.1:2780" [_thread_blocked, id=29772, stack(0x00000078cdd00000,0x00000078cde00000)]
  0x0000025d46b193c0 JavaThread "Stdin handler" [_thread_blocked, id=10428, stack(0x00000078cde00000,0x00000078cdf00000)]
  0x0000025d46b198d0 JavaThread "Daemon client event forwarder" [_thread_blocked, id=40564, stack(0x00000078cdf00000,0x00000078ce000000)]
  0x0000025d46b1dfb0 JavaThread "Cache worker for checksums cache (F:\E\sourcode\android\Ogden\.gradle\7.6.4\checksums)" [_thread_blocked, id=26904, stack(0x00000078ce000000,0x00000078ce100000)]
  0x0000025d46b1e9d0 JavaThread "Cache worker for cache directory md-rule (C:\Users\yuanshi\.gradle\caches\7.6.4\md-rule)" [_thread_blocked, id=37716, stack(0x00000078ce100000,0x00000078ce200000)]
  0x0000025d46b1b220 JavaThread "Cache worker for file hash cache (F:\E\sourcode\android\Ogden\.gradle\7.6.4\fileHashes)" [_thread_blocked, id=49464, stack(0x00000078ced00000,0x00000078cee00000)]
  0x0000025d46b17560 JavaThread "Cache worker for cache directory md-supplier (C:\Users\yuanshi\.gradle\caches\7.6.4\md-supplier)" [_thread_blocked, id=53480, stack(0x00000078cf100000,0x00000078cf200000)]
  0x0000025d46b19de0 JavaThread "Cache worker for dependencies-accessors (F:\E\sourcode\android\Ogden\.gradle\7.6.4\dependencies-accessors)" [_thread_blocked, id=54816, stack(0x00000078cf200000,0x00000078cf300000)]
  0x0000025d46b1c660 JavaThread "Cache worker for Build Output Cleanup Cache (F:\E\sourcode\android\Ogden\.gradle\buildOutputCleanup)" [_thread_blocked, id=41120, stack(0x00000078cf300000,0x00000078cf400000)]
  0x0000025d46b1cb70 JavaThread "Unconstrained build operations" [_thread_blocked, id=6008, stack(0x00000078cf400000,0x00000078cf500000)]
  0x0000025d46b17f80 JavaThread "Unconstrained build operations Thread 2" [_thread_blocked, id=51212, stack(0x00000078cf500000,0x00000078cf600000)]
  0x0000025d579523f0 JavaThread "Unconstrained build operations Thread 3" [_thread_blocked, id=6656, stack(0x00000078cf600000,0x00000078cf700000)]
  0x0000025d57950080 JavaThread "Unconstrained build operations Thread 4" [_thread_blocked, id=54020, stack(0x00000078cf700000,0x00000078cf800000)]
  0x0000025d57953830 JavaThread "Unconstrained build operations Thread 5" [_thread_blocked, id=30816, stack(0x00000078cfb00000,0x00000078cfc00000)]
  0x0000025d579519d0 JavaThread "Unconstrained build operations Thread 6" [_thread_blocked, id=1360, stack(0x00000078cfe00000,0x00000078cff00000)]
  0x0000025d57951ee0 JavaThread "Unconstrained build operations Thread 7" [_thread_blocked, id=39808, stack(0x00000078cff00000,0x00000078d0000000)]
  0x0000025d57950fb0 JavaThread "Unconstrained build operations Thread 8" [_thread_blocked, id=21468, stack(0x00000078d0100000,0x00000078d0200000)]
  0x0000025d579514c0 JavaThread "Unconstrained build operations Thread 9" [_thread_blocked, id=29076, stack(0x00000078d1200000,0x00000078d1300000)]
  0x0000025d57956ad0 JavaThread "Unconstrained build operations Thread 10" [_thread_blocked, id=49884, stack(0x00000078d1400000,0x00000078d1500000)]
  0x0000025d57953d40 JavaThread "Unconstrained build operations Thread 11" [_thread_blocked, id=28156, stack(0x00000078d1700000,0x00000078d1800000)]
  0x0000025d57952e10 JavaThread "Unconstrained build operations Thread 12" [_thread_blocked, id=30776, stack(0x00000078d1900000,0x00000078d1a00000)]
  0x0000025d579574f0 JavaThread "Unconstrained build operations Thread 13" [_thread_blocked, id=29072, stack(0x00000078d1a00000,0x00000078d1b00000)]
  0x0000025d57950590 JavaThread "Unconstrained build operations Thread 14" [_thread_blocked, id=17480, stack(0x00000078d1b00000,0x00000078d1c00000)]
  0x0000025d579565c0 JavaThread "Unconstrained build operations Thread 15" [_thread_blocked, id=45824, stack(0x00000078d1c00000,0x00000078d1d00000)]
  0x0000025d57952900 JavaThread "Unconstrained build operations Thread 16" [_thread_blocked, id=23888, stack(0x00000078d1d00000,0x00000078d1e00000)]
  0x0000025d57955180 JavaThread "Unconstrained build operations Thread 17" [_thread_blocked, id=10540, stack(0x00000078d1e00000,0x00000078d1f00000)]
  0x0000025d57953320 JavaThread "Unconstrained build operations Thread 18" [_thread_blocked, id=4596, stack(0x00000078d1f00000,0x00000078d2000000)]
  0x0000025d57955690 JavaThread "Unconstrained build operations Thread 19" [_thread_blocked, id=40248, stack(0x00000078d2000000,0x00000078d2100000)]
  0x0000025d57957f10 JavaThread "Unconstrained build operations Thread 20" [_thread_blocked, id=42544, stack(0x00000078d2100000,0x00000078d2200000)]
  0x0000025d57954250 JavaThread "Unconstrained build operations Thread 21" [_thread_blocked, id=49920, stack(0x00000078d2200000,0x00000078d2300000)]
  0x0000025d57957a00 JavaThread "Unconstrained build operations Thread 22" [_thread_blocked, id=55068, stack(0x00000078d2300000,0x00000078d2400000)]
  0x0000025d57954c70 JavaThread "Unconstrained build operations Thread 23" [_thread_blocked, id=56240, stack(0x00000078d2400000,0x00000078d2500000)]
  0x0000025d57955ba0 JavaThread "Unconstrained build operations Thread 24" [_thread_blocked, id=50068, stack(0x00000078d2500000,0x00000078d2600000)]
  0x0000025d579560b0 JavaThread "Unconstrained build operations Thread 25" [_thread_blocked, id=23236, stack(0x00000078d2600000,0x00000078d2700000)]
  0x0000025d57950aa0 JavaThread "Unconstrained build operations Thread 26" [_thread_blocked, id=40216, stack(0x00000078d2700000,0x00000078d2800000)]
  0x0000025d57958930 JavaThread "Unconstrained build operations Thread 27" [_thread_blocked, id=50412, stack(0x00000078d2800000,0x00000078d2900000)]
  0x0000025d57959d70 JavaThread "Unconstrained build operations Thread 28" [_thread_blocked, id=26620, stack(0x00000078d2900000,0x00000078d2a00000)]
  0x0000025d57959350 JavaThread "Unconstrained build operations Thread 29" [_thread_blocked, id=5352, stack(0x00000078d2a00000,0x00000078d2b00000)]
  0x0000025d5795a280 JavaThread "Unconstrained build operations Thread 30" [_thread_blocked, id=31304, stack(0x00000078d2b00000,0x00000078d2c00000)]
  0x0000025d5795cb00 JavaThread "Unconstrained build operations Thread 31" [_thread_blocked, id=49660, stack(0x00000078d2c00000,0x00000078d2d00000)]
  0x0000025d5795a790 JavaThread "Unconstrained build operations Thread 32" [_thread_blocked, id=52020, stack(0x00000078d2d00000,0x00000078d2e00000)]
  0x0000025d5795aca0 JavaThread "Unconstrained build operations Thread 33" [_thread_blocked, id=55080, stack(0x00000078d2e00000,0x00000078d2f00000)]
  0x0000025d5795b1b0 JavaThread "Unconstrained build operations Thread 34" [_thread_blocked, id=31236, stack(0x00000078d2f00000,0x00000078d3000000)]
  0x0000025d5795b6c0 JavaThread "Unconstrained build operations Thread 35" [_thread_blocked, id=42412, stack(0x00000078d3000000,0x00000078d3100000)]
  0x0000025d57959860 JavaThread "Unconstrained build operations Thread 36" [_thread_blocked, id=58364, stack(0x00000078d3100000,0x00000078d3200000)]
  0x0000025d57958420 JavaThread "Unconstrained build operations Thread 37" [_thread_blocked, id=49960, stack(0x00000078d3200000,0x00000078d3300000)]
  0x0000025d5795d520 JavaThread "Unconstrained build operations Thread 38" [_thread_blocked, id=41232, stack(0x00000078d3300000,0x00000078d3400000)]
  0x0000025d57958e40 JavaThread "Unconstrained build operations Thread 39" [_thread_blocked, id=57340, stack(0x00000078d3400000,0x00000078d3500000)]
  0x0000025d5795bbd0 JavaThread "Unconstrained build operations Thread 40" [_thread_blocked, id=56912, stack(0x00000078d3500000,0x00000078d3600000)]
  0x0000025d5795c0e0 JavaThread "Unconstrained build operations Thread 41" [_thread_blocked, id=48452, stack(0x00000078d3600000,0x00000078d3700000)]
  0x0000025d5795da30 JavaThread "Unconstrained build operations Thread 42" [_thread_blocked, id=55776, stack(0x00000078d3700000,0x00000078d3800000)]
  0x0000025d5795c5f0 JavaThread "Unconstrained build operations Thread 43" [_thread_blocked, id=51120, stack(0x00000078d3800000,0x00000078d3900000)]
  0x0000025d5795d010 JavaThread "Unconstrained build operations Thread 44" [_thread_blocked, id=8020, stack(0x00000078d3900000,0x00000078d3a00000)]
  0x0000025d5795df40 JavaThread "Unconstrained build operations Thread 45" [_thread_blocked, id=23404, stack(0x00000078d3a00000,0x00000078d3b00000)]
  0x0000025d5795e450 JavaThread "Unconstrained build operations Thread 46" [_thread_blocked, id=44888, stack(0x00000078d3b00000,0x00000078d3c00000)]
  0x0000025d57956fe0 JavaThread "Unconstrained build operations Thread 47" [_thread_blocked, id=28748, stack(0x00000078d3c00000,0x00000078d3d00000)]
  0x0000025d5795e960 JavaThread "Unconstrained build operations Thread 48" [_thread_blocked, id=40324, stack(0x00000078d3d00000,0x00000078d3e00000)]
  0x0000025d57963f70 JavaThread "Unconstrained build operations Thread 49" [_thread_blocked, id=28792, stack(0x00000078d3e00000,0x00000078d3f00000)]
  0x0000025d5795f890 JavaThread "Unconstrained build operations Thread 50" [_thread_blocked, id=54648, stack(0x00000078d3f00000,0x00000078d4000000)]
  0x0000025d5795f380 JavaThread "Unconstrained build operations Thread 51" [_thread_blocked, id=34844, stack(0x00000078d4000000,0x00000078d4100000)]
  0x0000025d57963040 JavaThread "Unconstrained build operations Thread 52" [_thread_blocked, id=53048, stack(0x00000078d4100000,0x00000078d4200000)]
  0x0000025d5795ee70 JavaThread "Unconstrained build operations Thread 53" [_thread_blocked, id=50908, stack(0x00000078d4200000,0x00000078d4300000)]
  0x0000025d579616f0 JavaThread "Unconstrained build operations Thread 54" [_thread_blocked, id=56100, stack(0x00000078d4300000,0x00000078d4400000)]
  0x0000025d5795fda0 JavaThread "Unconstrained build operations Thread 55" [_thread_blocked, id=57264, stack(0x00000078d4400000,0x00000078d4500000)]
  0x0000025d579602b0 JavaThread "Unconstrained build operations Thread 56" [_thread_blocked, id=48576, stack(0x00000078d4500000,0x00000078d4600000)]
  0x0000025d57960cd0 JavaThread "Unconstrained build operations Thread 57" [_thread_blocked, id=43124, stack(0x00000078d4600000,0x00000078d4700000)]
  0x0000025d579611e0 JavaThread "Unconstrained build operations Thread 58" [_thread_blocked, id=54896, stack(0x00000078d4700000,0x00000078d4800000)]
  0x0000025d57963a60 JavaThread "Unconstrained build operations Thread 59" [_thread_blocked, id=20364, stack(0x00000078d4800000,0x00000078d4900000)]
  0x0000025d57962b30 JavaThread "Unconstrained build operations Thread 60" [_thread_blocked, id=50040, stack(0x00000078d4900000,0x00000078d4a00000)]
  0x0000025d57961c00 JavaThread "Unconstrained build operations Thread 61" [_thread_blocked, id=35996, stack(0x00000078d4a00000,0x00000078d4b00000)]
  0x0000025d57963550 JavaThread "Unconstrained build operations Thread 62" [_thread_blocked, id=16544, stack(0x00000078d4b00000,0x00000078d4c00000)]
  0x0000025d57962620 JavaThread "Unconstrained build operations Thread 63" [_thread_blocked, id=57224, stack(0x00000078d4c00000,0x00000078d4d00000)]
  0x0000025d57962110 JavaThread "Unconstrained build operations Thread 64" [_thread_blocked, id=22704, stack(0x00000078d4d00000,0x00000078d4e00000)]
  0x0000025d57968650 JavaThread "Unconstrained build operations Thread 65" [_thread_blocked, id=54692, stack(0x00000078d4e00000,0x00000078d4f00000)]
  0x0000025d57964990 JavaThread "Unconstrained build operations Thread 66" [_thread_blocked, id=23204, stack(0x00000078d4f00000,0x00000078d5000000)]
  0x0000025d5796b8f0 JavaThread "Unconstrained build operations Thread 67" [_thread_blocked, id=46020, stack(0x00000078d5000000,0x00000078d5100000)]
  0x0000025d57969fa0 JavaThread "Unconstrained build operations Thread 68" [_thread_blocked, id=27412, stack(0x00000078d5100000,0x00000078d5200000)]
  0x0000025d5796a4b0 JavaThread "Unconstrained build operations Thread 69" [_thread_blocked, id=45356, stack(0x00000078d5200000,0x00000078d5300000)]
  0x0000025d57964480 JavaThread "Unconstrained build operations Thread 70" [_thread_blocked, id=49968, stack(0x00000078d5300000,0x00000078d5400000)]
  0x0000025d57965dd0 JavaThread "Unconstrained build operations Thread 71" [_thread_blocked, id=44672, stack(0x00000078d5400000,0x00000078d5500000)]
  0x0000025d5796a9c0 JavaThread "Unconstrained build operations Thread 72" [_thread_blocked, id=2708, stack(0x00000078d5500000,0x00000078d5600000)]
  0x0000025d5796aed0 JavaThread "Unconstrained build operations Thread 73" [_thread_blocked, id=41764, stack(0x00000078d5600000,0x00000078d5700000)]
  0x0000025d5796be00 JavaThread "Unconstrained build operations Thread 74" [_thread_blocked, id=3668, stack(0x00000078d5700000,0x00000078d5800000)]
  0x0000025d57964ea0 JavaThread "Unconstrained build operations Thread 75" [_thread_blocked, id=38556, stack(0x00000078d5800000,0x00000078d5900000)]
  0x0000025d57966d00 JavaThread "Unconstrained build operations Thread 76" [_thread_blocked, id=54544, stack(0x00000078d5900000,0x00000078d5a00000)]
  0x0000025d579662e0 JavaThread "Unconstrained build operations Thread 77" [_thread_blocked, id=38356, stack(0x00000078d5a00000,0x00000078d5b00000)]
  0x0000025d57969070 JavaThread "Unconstrained build operations Thread 78" [_thread_blocked, id=41020, stack(0x00000078d5b00000,0x00000078d5c00000)]
  0x0000025d5796c310 JavaThread "Unconstrained build operations Thread 79" [_thread_blocked, id=44732, stack(0x00000078d5c00000,0x00000078d5d00000)]
  0x0000025d57967210 JavaThread "Unconstrained build operations Thread 80" [_thread_blocked, id=43364, stack(0x00000078d5d00000,0x00000078d5e00000)]
  0x0000025d5796cd30 JavaThread "Unconstrained build operations Thread 81" [_thread_blocked, id=38568, stack(0x00000078d5e00000,0x00000078d5f00000)]
  0x0000025d579658c0 JavaThread "Unconstrained build operations Thread 82" [_thread_blocked, id=22388, stack(0x00000078d5f00000,0x00000078d6000000)]
  0x0000025d579667f0 JavaThread "Unconstrained build operations Thread 83" [_thread_blocked, id=38712, stack(0x00000078d6000000,0x00000078d6100000)]
  0x0000025d5796e170 JavaThread "Unconstrained build operations Thread 84" [_thread_blocked, id=24256, stack(0x00000078d6100000,0x00000078d6200000)]
  0x0000025d57969580 JavaThread "Unconstrained build operations Thread 85" [_thread_blocked, id=23764, stack(0x00000078d6200000,0x00000078d6300000)]
  0x0000025d5796eb90 JavaThread "Unconstrained build operations Thread 86" [_thread_blocked, id=51084, stack(0x00000078d6300000,0x00000078d6400000)]
  0x0000025d5796d750 JavaThread "Unconstrained build operations Thread 87" [_thread_blocked, id=12104, stack(0x00000078d6400000,0x00000078d6500000)]
  0x0000025d57967720 JavaThread "Unconstrained build operations Thread 88" [_thread_blocked, id=10348, stack(0x00000078d6500000,0x00000078d6600000)]
  0x0000025d57969a90 JavaThread "Unconstrained build operations Thread 89" [_thread_blocked, id=53648, stack(0x00000078d6600000,0x00000078d6700000)]
  0x0000025d5796f0a0 JavaThread "Unconstrained build operations Thread 90" [_thread_blocked, id=50484, stack(0x00000078d6700000,0x00000078d6800000)]
  0x0000025d57967c30 JavaThread "Unconstrained build operations Thread 91" [_thread_blocked, id=39184, stack(0x00000078d6800000,0x00000078d6900000)]
  0x0000025d57968140 JavaThread "Unconstrained build operations Thread 92" [_thread_blocked, id=12076, stack(0x00000078d6900000,0x00000078d6a00000)]
  0x0000025d5796fac0 JavaThread "Unconstrained build operations Thread 93" [_thread_blocked, id=50820, stack(0x00000078d6a00000,0x00000078d6b00000)]
  0x0000025d80254420 JavaThread "Unconstrained build operations Thread 94" [_thread_blocked, id=27896, stack(0x00000078d6b00000,0x00000078d6c00000)]
  0x0000025d80258b00 JavaThread "Unconstrained build operations Thread 95" [_thread_blocked, id=22792, stack(0x00000078d6c00000,0x00000078d6d00000)]
  0x0000025d802571b0 JavaThread "Unconstrained build operations Thread 96" [_thread_blocked, id=30028, stack(0x00000078d6d00000,0x00000078d6e00000)]
  0x0000025d80253f10 JavaThread "Unconstrained build operations Thread 97" [_thread_blocked, id=17796, stack(0x00000078d6e00000,0x00000078d6f00000)]
  0x0000025d80254930 JavaThread "Unconstrained build operations Thread 98" [_thread_blocked, id=25836, stack(0x00000078d6f00000,0x00000078d7000000)]
  0x0000025d802585f0 JavaThread "Unconstrained build operations Thread 99" [_thread_blocked, id=54248, stack(0x00000078d7000000,0x00000078d7100000)]
  0x0000025d80254e40 JavaThread "Unconstrained build operations Thread 100" [_thread_blocked, id=47356, stack(0x00000078d7100000,0x00000078d7200000)]
  0x0000025d80259010 JavaThread "Unconstrained build operations Thread 101" [_thread_blocked, id=55044, stack(0x00000078d7200000,0x00000078d7300000)]
  0x0000025d802520b0 JavaThread "Unconstrained build operations Thread 102" [_thread_blocked, id=39920, stack(0x00000078d7300000,0x00000078d7400000)]
  0x0000025d80255350 JavaThread "Unconstrained build operations Thread 103" [_thread_blocked, id=48112, stack(0x00000078d7400000,0x00000078d7500000)]
  0x0000025d802576c0 JavaThread "Unconstrained build operations Thread 104" [_thread_blocked, id=50736, stack(0x00000078d7500000,0x00000078d7600000)]
  0x0000025d80259520 JavaThread "Unconstrained build operations Thread 105" [_thread_blocked, id=44060, stack(0x00000078d7600000,0x00000078d7700000)]
  0x0000025d80256790 JavaThread "Unconstrained build operations Thread 106" [_thread_blocked, id=13232, stack(0x00000078d7700000,0x00000078d7800000)]
  0x0000025d80257bd0 JavaThread "Unconstrained build operations Thread 107" [_thread_blocked, id=7916, stack(0x00000078d7800000,0x00000078d7900000)]
  0x0000025d80259a30 JavaThread "Unconstrained build operations Thread 108" [_thread_blocked, id=37644, stack(0x00000078d7900000,0x00000078d7a00000)]
  0x0000025d802525c0 JavaThread "Unconstrained build operations Thread 109" [_thread_blocked, id=17280, stack(0x00000078d7a00000,0x00000078d7b00000)]
  0x0000025d80255d70 JavaThread "Unconstrained build operations Thread 110" [_thread_blocked, id=51808, stack(0x00000078d7b00000,0x00000078d7c00000)]
  0x0000025d80252fe0 JavaThread "Unconstrained build operations Thread 111" [_thread_blocked, id=55384, stack(0x00000078d7c00000,0x00000078d7d00000)]
  0x0000025d80259f40 JavaThread "Unconstrained build operations Thread 112" [_thread_blocked, id=55936, stack(0x00000078d7d00000,0x00000078d7e00000)]
  0x0000025d80256280 JavaThread "Unconstrained build operations Thread 113" [_thread_blocked, id=28812, stack(0x00000078d7e00000,0x00000078d7f00000)]
  0x0000025d80256ca0 JavaThread "Unconstrained build operations Thread 114" [_thread_blocked, id=50920, stack(0x00000078d7f00000,0x00000078d8000000)]
  0x0000025d80253a00 JavaThread "Unconstrained build operations Thread 115" [_thread_blocked, id=35060, stack(0x00000078d8000000,0x00000078d8100000)]
  0x0000025d8025a450 JavaThread "Unconstrained build operations Thread 116" [_thread_blocked, id=25372, stack(0x00000078d8100000,0x00000078d8200000)]
  0x0000025d802534f0 JavaThread "Unconstrained build operations Thread 117" [_thread_blocked, id=26632, stack(0x00000078d8200000,0x00000078d8300000)]
  0x0000025d80260480 JavaThread "Unconstrained build operations Thread 118" [_thread_blocked, id=48896, stack(0x00000078d8300000,0x00000078d8400000)]
  0x0000025d80260990 JavaThread "Unconstrained build operations Thread 119" [_thread_blocked, id=58348, stack(0x00000078d8400000,0x00000078d8500000)]
  0x0000025d8025eb30 JavaThread "Unconstrained build operations Thread 120" [_thread_blocked, id=13820, stack(0x00000078d8500000,0x00000078d8600000)]
  0x0000025d8025bda0 JavaThread "Unconstrained build operations Thread 121" [_thread_blocked, id=53912, stack(0x00000078d8600000,0x00000078d8700000)]
  0x0000025d8025dc00 JavaThread "Unconstrained build operations Thread 122" [_thread_blocked, id=20272, stack(0x00000078d8700000,0x00000078d8800000)]
  0x0000025d8025d6f0 JavaThread "Unconstrained build operations Thread 123" [_thread_blocked, id=29124, stack(0x00000078d8800000,0x00000078d8900000)]
  0x0000025d80263210 JavaThread "Unconstrained build operations Thread 124" [_thread_blocked, id=45892, stack(0x00000078d8900000,0x00000078d8a00000)]
  0x0000025d80263c30 JavaThread "Unconstrained build operations Thread 125" [_thread_blocked, id=41948, stack(0x00000078d8a00000,0x00000078d8b00000)]
  0x0000025d8025e110 JavaThread "Unconstrained build operations Thread 126" [_thread_blocked, id=44408, stack(0x00000078d8b00000,0x00000078d8c00000)]
  0x0000025d80263720 JavaThread "Unconstrained build operations Thread 127" [_thread_blocked, id=37252, stack(0x00000078d8c00000,0x00000078d8d00000)]
  0x0000025d8025fa60 JavaThread "Unconstrained build operations Thread 128" [_thread_blocked, id=38452, stack(0x00000078d8d00000,0x00000078d8e00000)]
  0x0000025d802613b0 JavaThread "Unconstrained build operations Thread 129" [_thread_blocked, id=3996, stack(0x00000078d8e00000,0x00000078d8f00000)]
  0x0000025d8025f040 JavaThread "Unconstrained build operations Thread 130" [_thread_blocked, id=51168, stack(0x00000078d8f00000,0x00000078d9000000)]
  0x0000025d802618c0 JavaThread "Unconstrained build operations Thread 131" [_thread_blocked, id=3952, stack(0x00000078d9000000,0x00000078d9100000)]
  0x0000025d80261dd0 JavaThread "Unconstrained build operations Thread 132" [_thread_blocked, id=25720, stack(0x00000078d9100000,0x00000078d9200000)]
  0x0000025d8025f550 JavaThread "Unconstrained build operations Thread 133" [_thread_blocked, id=49984, stack(0x00000078d9400000,0x00000078d9500000)]
  0x0000025d802622e0 JavaThread "Unconstrained build operations Thread 134" [_thread_blocked, id=15776, stack(0x00000078d9500000,0x00000078d9600000)]
  0x0000025d802627f0 JavaThread "Unconstrained build operations Thread 135" [_thread_blocked, id=54980, stack(0x00000078d9600000,0x00000078d9700000)]
  0x0000025d80262d00 JavaThread "Unconstrained build operations Thread 136" [_thread_blocked, id=45588, stack(0x00000078d9700000,0x00000078d9800000)]
  0x0000025d8025c7c0 JavaThread "Unconstrained build operations Thread 137" [_thread_blocked, id=22140, stack(0x00000078d9800000,0x00000078d9900000)]
  0x0000025d80264650 JavaThread "Unconstrained build operations Thread 138" [_thread_blocked, id=42896, stack(0x00000078d9900000,0x00000078d9a00000)]
  0x0000025d80264140 JavaThread "Unconstrained build operations Thread 139" [_thread_blocked, id=39564, stack(0x00000078d9a00000,0x00000078d9b00000)]
  0x0000025d80264b60 JavaThread "Unconstrained build operations Thread 140" [_thread_blocked, id=10384, stack(0x00000078d9b00000,0x00000078d9c00000)]
  0x0000025d80265070 JavaThread "Unconstrained build operations Thread 141" [_thread_blocked, id=42748, stack(0x00000078d9c00000,0x00000078d9d00000)]
  0x0000025d80265580 JavaThread "Unconstrained build operations Thread 142" [_thread_blocked, id=37752, stack(0x00000078d9d00000,0x00000078d9e00000)]
  0x0000025d80265a90 JavaThread "Unconstrained build operations Thread 143" [_thread_blocked, id=41432, stack(0x00000078d9e00000,0x00000078d9f00000)]
  0x0000025d80268310 JavaThread "Unconstrained build operations Thread 144" [_thread_blocked, id=35444, stack(0x00000078d9f00000,0x00000078da000000)]
  0x0000025d8026de30 JavaThread "Unconstrained build operations Thread 145" [_thread_blocked, id=16616, stack(0x00000078da000000,0x00000078da100000)]
  0x0000025d8026d410 JavaThread "Unconstrained build operations Thread 146" [_thread_blocked, id=22364, stack(0x00000078da100000,0x00000078da200000)]
  0x0000025d802669c0 JavaThread "build event listener" [_thread_blocked, id=18036, stack(0x00000078da200000,0x00000078da300000)]
  0x0000025d8026fc90 JavaThread "pool-107-thread-1" [_thread_blocked, id=19112, stack(0x00000078da700000,0x00000078da800000)]
  0x0000025d8026a680 JavaThread "build event listener" [_thread_blocked, id=50916, stack(0x00000078dab00000,0x00000078dac00000)]
  0x0000025d8026e340 JavaThread "included builds" [_thread_blocked, id=39276, stack(0x00000078db300000,0x00000078db400000)]
  0x0000025d8026b5b0 JavaThread "Execution worker" [_thread_blocked, id=46716, stack(0x00000078dbe00000,0x00000078dbf00000)]
  0x0000025d80268820 JavaThread "Execution worker Thread 2" [_thread_blocked, id=10844, stack(0x00000078dbf00000,0x00000078dc000000)]
  0x0000025d8026e850 JavaThread "Execution worker Thread 3" [_thread_blocked, id=53620, stack(0x00000078dc000000,0x00000078dc100000)]
  0x0000025d8026ed60 JavaThread "Execution worker Thread 4" [_thread_blocked, id=48492, stack(0x00000078dc100000,0x00000078dc200000)]
  0x0000025d802701a0 JavaThread "Execution worker Thread 5" [_thread_blocked, id=7648, stack(0x00000078dc200000,0x00000078dc300000)]
  0x0000025d8026f270 JavaThread "Execution worker Thread 6" [_thread_blocked, id=20332, stack(0x00000078dc400000,0x00000078dc500000)]
  0x0000025d8026f780 JavaThread "Execution worker Thread 7" [_thread_blocked, id=37132, stack(0x00000078dc500000,0x00000078dc600000)]
  0x0000025d80268d30 JavaThread "Execution worker Thread 8" [_thread_blocked, id=43948, stack(0x00000078dc800000,0x00000078dc900000)]
  0x0000025d80269240 JavaThread "Execution worker Thread 9" [_thread_blocked, id=15756, stack(0x00000078dc900000,0x00000078dca00000)]
  0x0000025d80270bc0 JavaThread "Execution worker Thread 10" [_thread_blocked, id=55036, stack(0x00000078dca00000,0x00000078dcb00000)]
  0x0000025d802710d0 JavaThread "Execution worker Thread 11" [_thread_blocked, id=6440, stack(0x00000078dcb00000,0x00000078dcc00000)]
  0x0000025d802715e0 JavaThread "Execution worker Thread 12" [_thread_blocked, id=29356, stack(0x00000078dcc00000,0x00000078dcd00000)]
  0x0000025d80271af0 JavaThread "Execution worker Thread 13" [_thread_blocked, id=44872, stack(0x00000078dcd00000,0x00000078dce00000)]
  0x0000025d4951d110 JavaThread "Execution worker Thread 14" [_thread_blocked, id=18872, stack(0x00000078dce00000,0x00000078dcf00000)]
  0x0000025d49524a90 JavaThread "Execution worker Thread 15" [_thread_blocked, id=35460, stack(0x00000078dcf00000,0x00000078dd000000)]
  0x0000025d49522720 JavaThread "Execution worker Thread 16" [_thread_blocked, id=30508, stack(0x00000078dd000000,0x00000078dd100000)]
  0x0000025d49523b60 JavaThread "Cache worker for execution history cache (F:\E\sourcode\android\Ogden\.gradle\7.6.4\executionHistory)" [_thread_blocked, id=12916, stack(0x00000078dd100000,0x00000078dd200000)]
  0x0000025d4951fea0 JavaThread "Execution worker Thread 17" [_thread_blocked, id=30348, stack(0x00000078dd200000,0x00000078dd300000)]
  0x0000025d49524070 JavaThread "Execution worker Thread 18" [_thread_blocked, id=57160, stack(0x00000078dd300000,0x00000078dd400000)]
  0x0000025d49524580 JavaThread "Execution worker Thread 19" [_thread_blocked, id=50008, stack(0x00000078dd400000,0x00000078dd500000)]
  0x0000025d49523650 JavaThread "Execution worker Thread 20" [_thread_blocked, id=6124, stack(0x00000078dd500000,0x00000078dd600000)]
  0x0000025d4951d620 JavaThread "Execution worker Thread 21" [_thread_blocked, id=4208, stack(0x00000078dd600000,0x00000078dd700000)]
  0x0000025d49524fa0 JavaThread "Execution worker Thread 22" [_thread_blocked, id=8280, stack(0x00000078dd700000,0x00000078dd800000)]
  0x0000025d49522c30 JavaThread "Execution worker Thread 23" [_thread_blocked, id=38232, stack(0x00000078dd800000,0x00000078dd900000)]
  0x0000025d4951e550 JavaThread "Execution worker Thread 24" [_thread_blocked, id=39424, stack(0x00000078dd900000,0x00000078dda00000)]
  0x0000025d49521d00 JavaThread "Execution worker Thread 25" [_thread_blocked, id=19804, stack(0x00000078dda00000,0x00000078ddb00000)]
  0x0000025d4951db30 JavaThread "Execution worker Thread 26" [_thread_blocked, id=22464, stack(0x00000078ddb00000,0x00000078ddc00000)]
  0x0000025d49522210 JavaThread "Execution worker Thread 27" [_thread_blocked, id=3228, stack(0x00000078ddc00000,0x00000078ddd00000)]
  0x0000025d495254b0 JavaThread "Execution worker Thread 28" [_thread_blocked, id=29736, stack(0x00000078ddd00000,0x00000078dde00000)]
  0x0000025d495208c0 JavaThread "Execution worker Thread 29" [_thread_blocked, id=41216, stack(0x00000078dde00000,0x00000078ddf00000)]
  0x0000025d4951e040 JavaThread "Execution worker Thread 30" [_thread_blocked, id=42176, stack(0x00000078ddf00000,0x00000078de000000)]
  0x0000025d49520dd0 JavaThread "Execution worker Thread 31" [_thread_blocked, id=39760, stack(0x00000078de000000,0x00000078de100000)]
  0x0000025d4951ef70 JavaThread "Unconstrained build operations Thread 147" [_thread_blocked, id=35652, stack(0x00000078de100000,0x00000078de200000)]
  0x0000025d49525ed0 JavaThread "Unconstrained build operations Thread 148" [_thread_blocked, id=26028, stack(0x00000078de200000,0x00000078de300000)]
  0x0000025d495268f0 JavaThread "Unconstrained build operations Thread 149" [_thread_blocked, id=32380, stack(0x00000078de300000,0x00000078de400000)]
  0x0000025d4951f480 JavaThread "Unconstrained build operations Thread 150" [_thread_blocked, id=17168, stack(0x00000078de400000,0x00000078de500000)]
  0x0000025d495212e0 JavaThread "Unconstrained build operations Thread 151" [_thread_blocked, id=2236, stack(0x00000078de500000,0x00000078de600000)]
  0x0000025d49526e00 JavaThread "Unconstrained build operations Thread 152" [_thread_blocked, id=45296, stack(0x00000078de600000,0x00000078de700000)]
  0x0000025d4951f990 JavaThread "Unconstrained build operations Thread 153" [_thread_blocked, id=20020, stack(0x00000078de700000,0x00000078de800000)]
  0x0000025d4952c920 JavaThread "Unconstrained build operations Thread 154" [_thread_blocked, id=51632, stack(0x00000078de800000,0x00000078de900000)]
  0x0000025d49528240 JavaThread "Unconstrained build operations Thread 155" [_thread_blocked, id=52268, stack(0x00000078de900000,0x00000078dea00000)]
  0x0000025d4952b4e0 JavaThread "Unconstrained build operations Thread 156" [_thread_blocked, id=20724, stack(0x00000078dea00000,0x00000078deb00000)]
  0x0000025d4952d340 JavaThread "Unconstrained build operations Thread 157" [_thread_blocked, id=23636, stack(0x00000078deb00000,0x00000078dec00000)]
  0x0000025d4952dd60 JavaThread "Unconstrained build operations Thread 158" [_thread_blocked, id=23184, stack(0x00000078dec00000,0x00000078ded00000)]
  0x0000025d4952aac0 JavaThread "Unconstrained build operations Thread 159" [_thread_blocked, id=17544, stack(0x00000078ded00000,0x00000078dee00000)]
  0x0000025d4952e270 JavaThread "Unconstrained build operations Thread 160" [_thread_blocked, id=42072, stack(0x00000078dee00000,0x00000078def00000)]
  0x0000025d49528750 JavaThread "Unconstrained build operations Thread 161" [_thread_blocked, id=26276, stack(0x00000078def00000,0x00000078df000000)]
  0x0000025d4952e780 JavaThread "Unconstrained build operations Thread 162" [_thread_blocked, id=30108, stack(0x00000078df000000,0x00000078df100000)]
  0x0000025d49527310 JavaThread "Unconstrained build operations Thread 163" [_thread_blocked, id=12728, stack(0x00000078df100000,0x00000078df200000)]
  0x0000025d49529680 JavaThread "Unconstrained build operations Thread 164" [_thread_blocked, id=52312, stack(0x00000078df200000,0x00000078df300000)]
  0x0000025d4952afd0 JavaThread "Unconstrained build operations Thread 165" [_thread_blocked, id=16840, stack(0x00000078df300000,0x00000078df400000)]
  0x0000025d4952a5b0 JavaThread "Unconstrained build operations Thread 166" [_thread_blocked, id=45372, stack(0x00000078df400000,0x00000078df500000)]
  0x0000025d4952a0a0 JavaThread "Unconstrained build operations Thread 167" [_thread_blocked, id=56808, stack(0x00000078df500000,0x00000078df600000)]
  0x0000025d4952ec90 JavaThread "Unconstrained build operations Thread 168" [_thread_blocked, id=49548, stack(0x00000078df600000,0x00000078df700000)]
  0x0000025d4952b9f0 JavaThread "Unconstrained build operations Thread 169" [_thread_blocked, id=56608, stack(0x00000078df700000,0x00000078df800000)]
  0x0000025d49527d30 JavaThread "Unconstrained build operations Thread 170" [_thread_blocked, id=2336, stack(0x00000078df800000,0x00000078df900000)]
  0x0000025d4952f6b0 JavaThread "Unconstrained build operations Thread 171" [_thread_blocked, id=42860, stack(0x00000078df900000,0x00000078dfa00000)]
  0x0000025d49530af0 JavaThread "Unconstrained build operations Thread 172" [_thread_blocked, id=40668, stack(0x00000078dfa00000,0x00000078dfb00000)]
  0x0000025d49531000 JavaThread "Unconstrained build operations Thread 173" [_thread_blocked, id=23692, stack(0x00000078dfb00000,0x00000078dfc00000)]
  0x0000025d495300d0 JavaThread "Unconstrained build operations Thread 174" [_thread_blocked, id=23272, stack(0x00000078dfc00000,0x00000078dfd00000)]
  0x0000025d4952fbc0 JavaThread "Unconstrained build operations Thread 175" [_thread_blocked, id=18620, stack(0x00000078dfd00000,0x00000078dfe00000)]
  0x0000025d495305e0 JavaThread "Unconstrained build operations Thread 176" [_thread_blocked, id=49648, stack(0x00000078dfe00000,0x00000078dff00000)]
  0x0000025d495342a0 JavaThread "Unconstrained build operations Thread 177" [_thread_blocked, id=12432, stack(0x00000078dff00000,0x00000078e0000000)]
  0x0000025d49533880 JavaThread "Unconstrained build operations Thread 178" [_thread_blocked, id=35804, stack(0x00000078e0000000,0x00000078e0100000)]
  0x0000025d49537f60 JavaThread "Unconstrained build operations Thread 179" [_thread_blocked, id=664, stack(0x00000078e0100000,0x00000078e0200000)]
  0x0000025d49538470 JavaThread "Unconstrained build operations Thread 180" [_thread_blocked, id=38704, stack(0x00000078e0200000,0x00000078e0300000)]
  0x0000025d49532e60 JavaThread "Unconstrained build operations Thread 181" [_thread_blocked, id=5156, stack(0x00000078e0300000,0x00000078e0400000)]
  0x0000025d49535bf0 JavaThread "Unconstrained build operations Thread 182" [_thread_blocked, id=51244, stack(0x00000078e0400000,0x00000078e0500000)]
  0x0000025d49536610 JavaThread "Unconstrained build operations Thread 183" [_thread_blocked, id=51856, stack(0x00000078e0500000,0x00000078e0600000)]
  0x0000025d49536b20 JavaThread "Unconstrained build operations Thread 184" [_thread_blocked, id=36444, stack(0x00000078e0600000,0x00000078e0700000)]
  0x0000025d49538980 JavaThread "Unconstrained build operations Thread 185" [_thread_blocked, id=49324, stack(0x00000078e0700000,0x00000078e0800000)]
  0x0000025d49531a20 JavaThread "Unconstrained build operations Thread 186" [_thread_blocked, id=46064, stack(0x00000078e0800000,0x00000078e0900000)]
  0x0000025d4953b200 JavaThread "WorkerExecutor Queue" [_thread_blocked, id=27484, stack(0x00000078e0900000,0x00000078e0a00000)]
  0x0000025d4953cb50 JavaThread "Unconstrained build operations Thread 187" [_thread_blocked, id=30572, stack(0x00000078e0a00000,0x00000078e0b00000)]
  0x0000025d495398b0 JavaThread "Unconstrained build operations Thread 188" [_thread_blocked, id=42568, stack(0x00000078e0b00000,0x00000078e0c00000)]
  0x0000025d4953a2d0 JavaThread "Unconstrained build operations Thread 189" [_thread_blocked, id=45940, stack(0x00000078e0c00000,0x00000078e0d00000)]
  0x0000025d4953bc20 JavaThread "Unconstrained build operations Thread 190" [_thread_blocked, id=41252, stack(0x00000078e0d00000,0x00000078e0e00000)]
  0x0000025d4953a7e0 JavaThread "Unconstrained build operations Thread 191" [_thread_blocked, id=37464, stack(0x00000078e0e00000,0x00000078e0f00000)]
  0x0000025d4953b710 JavaThread "Unconstrained build operations Thread 192" [_thread_blocked, id=56012, stack(0x00000078e0f00000,0x00000078e1000000)]
  0x0000025d4953c130 JavaThread "Unconstrained build operations Thread 193" [_thread_blocked, id=29868, stack(0x00000078e1000000,0x00000078e1100000)]
  0x0000025d4953acf0 JavaThread "Unconstrained build operations Thread 194" [_thread_blocked, id=42420, stack(0x00000078e1100000,0x00000078e1200000)]
  0x0000025d4953c640 JavaThread "Unconstrained build operations Thread 195" [_thread_blocked, id=48524, stack(0x00000078e1200000,0x00000078e1300000)]
  0x0000025d4394b200 JavaThread "Unconstrained build operations Thread 196" [_thread_blocked, id=28912, stack(0x00000078e1300000,0x00000078e1400000)]
  0x0000025d43948470 JavaThread "Unconstrained build operations Thread 197" [_thread_blocked, id=44464, stack(0x00000078e1400000,0x00000078e1500000)]
  0x0000025d43947540 JavaThread "Unconstrained build operations Thread 198" [_thread_blocked, id=17752, stack(0x00000078e1500000,0x00000078e1600000)]
  0x0000025d439493a0 JavaThread "Unconstrained build operations Thread 199" [_thread_blocked, id=38932, stack(0x00000078e1600000,0x00000078e1700000)]
  0x0000025d43948980 JavaThread "WorkerExecutor Queue Thread 2" [_thread_blocked, id=37124, stack(0x00000078e1700000,0x00000078e1800000)]
  0x0000025d4394b710 JavaThread "Unconstrained build operations Thread 200" [_thread_blocked, id=52500, stack(0x00000078e1800000,0x00000078e1900000)]
  0x0000025d43947030 JavaThread "WorkerExecutor Queue Thread 3" [_thread_blocked, id=44040, stack(0x00000078e1900000,0x00000078e1a00000)]
  0x0000025d43947f60 JavaThread "pool-108-thread-1" [_thread_blocked, id=37692, stack(0x00000078e1a00000,0x00000078e1b00000)]
  0x0000025d4394e4a0 JavaThread "stderr" [_thread_in_native, id=5912, stack(0x00000078e1b00000,0x00000078e1c00000)]
  0x0000025d43947a50 JavaThread "stdout" [_thread_in_native, id=34896, stack(0x00000078e1c00000,0x00000078e1d00000)]
  0x0000025d4394d570 JavaThread "Unconstrained build operations Thread 201" [_thread_blocked, id=35912, stack(0x00000078da300000,0x00000078da400000)]
  0x0000025d43950300 JavaThread "Unconstrained build operations Thread 202" [_thread_blocked, id=56988, stack(0x00000078da500000,0x00000078da600000)]
  0x0000025d4394da80 JavaThread "Unconstrained build operations Thread 203" [_thread_blocked, id=54672, stack(0x00000078e1d00000,0x00000078e1e00000)]
  0x0000025d4394df90 JavaThread "Unconstrained build operations Thread 204" [_thread_blocked, id=41916, stack(0x00000078e1e00000,0x00000078e1f00000)]
  0x0000025d4394bc20 JavaThread "WorkerExecutor Queue Thread 4" [_thread_blocked, id=43160, stack(0x00000078e1f00000,0x00000078e2000000)]
  0x0000025d439498b0 JavaThread "WorkerExecutor Queue Thread 5" [_thread_blocked, id=36880, stack(0x00000078e2000000,0x00000078e2100000)]
  0x0000025d4394a2d0 JavaThread "WorkerExecutor Queue Thread 6" [_thread_blocked, id=36944, stack(0x00000078e2100000,0x00000078e2200000)]
  0x0000025d4394a7e0 JavaThread "WorkerExecutor Queue Thread 7" [_thread_blocked, id=51412, stack(0x00000078e2200000,0x00000078e2300000)]
  0x0000025d4394eec0 JavaThread "WorkerExecutor Queue Thread 8" [_thread_blocked, id=56992, stack(0x00000078e2300000,0x00000078e2400000)]
  0x0000025d4394c130 JavaThread "WorkerExecutor Queue Thread 9" [_thread_blocked, id=37632, stack(0x00000078e2400000,0x00000078e2500000)]
  0x0000025d4394f3d0 JavaThread "WorkerExecutor Queue Thread 10" [_thread_blocked, id=2632, stack(0x00000078e2500000,0x00000078e2600000)]
  0x0000025d43950d20 JavaThread "WorkerExecutor Queue Thread 11" [_thread_blocked, id=55248, stack(0x00000078e2600000,0x00000078e2700000)]
  0x0000025d4394f8e0 JavaThread "WorkerExecutor Queue Thread 12" [_thread_blocked, id=35272, stack(0x00000078e2700000,0x00000078e2800000)]
  0x0000025d43951230 JavaThread "WorkerExecutor Queue Thread 13" [_thread_blocked, id=4272, stack(0x00000078e4300000,0x00000078e4400000)]
  0x0000025d43949dc0 JavaThread "WorkerExecutor Queue Thread 14" [_thread_blocked, id=3888, stack(0x00000078e4400000,0x00000078e4500000)]
  0x0000025d43951740 JavaThread "WorkerExecutor Queue Thread 15" [_thread_blocked, id=53132, stack(0x00000078e4500000,0x00000078e4600000)]
  0x0000025d43952160 JavaThread "WorkerExecutor Queue Thread 16" [_thread_blocked, id=34856, stack(0x00000078e4600000,0x00000078e4700000)]
  0x0000025d43952670 JavaThread "WorkerExecutor Queue Thread 17" [_thread_blocked, id=51512, stack(0x00000078e4700000,0x00000078e4800000)]
  0x0000025d43955e20 JavaThread "WorkerExecutor Queue Thread 18" [_thread_blocked, id=29756, stack(0x00000078e4800000,0x00000078e4900000)]
  0x0000025d43953ab0 JavaThread "WorkerExecutor Queue Thread 19" [_thread_blocked, id=22804, stack(0x00000078e4a00000,0x00000078e4b00000)]
  0x0000025d43952b80 JavaThread "WorkerExecutor Queue Thread 20" [_thread_blocked, id=45908, stack(0x00000078e4c00000,0x00000078e4d00000)]
  0x0000025d4394fdf0 JavaThread "WorkerExecutor Queue Thread 21" [_thread_blocked, id=28952, stack(0x00000078e4d00000,0x00000078e4e00000)]
  0x0000025d43953090 JavaThread "WorkerExecutor Queue Thread 22" [_thread_blocked, id=2120, stack(0x00000078e4e00000,0x00000078e4f00000)]
  0x0000025d43953fc0 JavaThread "WorkerExecutor Queue Thread 23" [_thread_blocked, id=34904, stack(0x00000078e4f00000,0x00000078e5000000)]
  0x0000025d439535a0 JavaThread "WorkerExecutor Queue Thread 24" [_thread_blocked, id=45176, stack(0x00000078e5000000,0x00000078e5100000)]
  0x0000025d43956330 JavaThread "WorkerExecutor Queue Thread 25" [_thread_blocked, id=2584, stack(0x00000078e5100000,0x00000078e5200000)]
  0x0000025d439544d0 JavaThread "WorkerExecutor Queue Thread 26" [_thread_blocked, id=28864, stack(0x00000078e5200000,0x00000078e5300000)]
  0x0000025d439549e0 JavaThread "WorkerExecutor Queue Thread 27" [_thread_blocked, id=38488, stack(0x00000078e5300000,0x00000078e5400000)]
  0x0000025d43954ef0 JavaThread "WorkerExecutor Queue Thread 28" [_thread_blocked, id=34020, stack(0x00000078e5400000,0x00000078e5500000)]
  0x0000025d43955400 JavaThread "WorkerExecutor Queue Thread 29" [_thread_blocked, id=28828, stack(0x00000078e5500000,0x00000078e5600000)]
  0x0000025d8df78c10 JavaThread "WorkerExecutor Queue Thread 30" [_thread_blocked, id=58256, stack(0x00000078e5600000,0x00000078e5700000)]
  0x0000025d8df7d2f0 JavaThread "WorkerExecutor Queue Thread 31" [_thread_blocked, id=5524, stack(0x00000078e5700000,0x00000078e5800000)]
  0x0000025d8df777d0 JavaThread "WorkerExecutor Queue Thread 32" [_thread_blocked, id=42640, stack(0x00000078e5800000,0x00000078e5900000)]
  0x0000025d491b6aa0 JavaThread "C1 CompilerThread1" daemon [_thread_blocked, id=28244, stack(0x00000078e5900000,0x00000078e5a00000)]
  0x0000025d491b6550 JavaThread "C1 CompilerThread2" daemon [_thread_blocked, id=28892, stack(0x00000078e5a00000,0x00000078e5b00000)]
  0x0000025d491b6000 JavaThread "C1 CompilerThread3" daemon [_thread_blocked, id=50584, stack(0x00000078e5b00000,0x00000078e5c00000)]
  0x0000025d491b6ff0 JavaThread "C1 CompilerThread4" daemon [_thread_blocked, id=35292, stack(0x00000078e5c00000,0x00000078e5d00000)]

Other Threads:
=>0x0000025d7ac08830 VMThread "VM Thread" [stack: 0x00000078ccf00000,0x00000078cd000000] [id=28280]
  0x0000025d5a806460 WatcherThread [stack: 0x00000078cdc00000,0x00000078cdd00000] [id=644]
  0x0000025d5a79d760 GCTaskThread "GC Thread#0" [stack: 0x00000078cca00000,0x00000078ccb00000] [id=6352]
  0x0000025d416edf20 GCTaskThread "GC Thread#1" [stack: 0x00000078ce200000,0x00000078ce300000] [id=44944]
  0x0000025d416ee1e0 GCTaskThread "GC Thread#2" [stack: 0x00000078ce300000,0x00000078ce400000] [id=1440]
  0x0000025d41390f80 GCTaskThread "GC Thread#3" [stack: 0x00000078ce400000,0x00000078ce500000] [id=34872]
  0x0000025d41392840 GCTaskThread "GC Thread#4" [stack: 0x00000078ce500000,0x00000078ce600000] [id=29136]
  0x0000025d41392580 GCTaskThread "GC Thread#5" [stack: 0x00000078ce600000,0x00000078ce700000] [id=36064]
  0x0000025d41392b00 GCTaskThread "GC Thread#6" [stack: 0x00000078ce700000,0x00000078ce800000] [id=16680]
  0x0000025d41391500 GCTaskThread "GC Thread#7" [stack: 0x00000078ce800000,0x00000078ce900000] [id=31200]
  0x0000025d41392000 GCTaskThread "GC Thread#8" [stack: 0x00000078ce900000,0x00000078cea00000] [id=12412]
  0x0000025d41391a80 GCTaskThread "GC Thread#9" [stack: 0x00000078cea00000,0x00000078ceb00000] [id=52432]
  0x0000025d413922c0 GCTaskThread "GC Thread#10" [stack: 0x00000078ceb00000,0x00000078cec00000] [id=49216]
  0x0000025d41391240 GCTaskThread "GC Thread#11" [stack: 0x00000078cec00000,0x00000078ced00000] [id=43600]
  0x0000025d41d9ea70 GCTaskThread "GC Thread#12" [stack: 0x00000078d0200000,0x00000078d0300000] [id=23464]
  0x0000025d41d9e7b0 GCTaskThread "GC Thread#13" [stack: 0x00000078d0300000,0x00000078d0400000] [id=50544]
  0x0000025d41d9ed30 GCTaskThread "GC Thread#14" [stack: 0x00000078d0400000,0x00000078d0500000] [id=48324]
  0x0000025d41d9d730 GCTaskThread "GC Thread#15" [stack: 0x00000078d0500000,0x00000078d0600000] [id=44124]
  0x0000025d41d9d9f0 GCTaskThread "GC Thread#16" [stack: 0x00000078d0600000,0x00000078d0700000] [id=42168]
  0x0000025d41d9fdb0 GCTaskThread "GC Thread#17" [stack: 0x00000078d0700000,0x00000078d0800000] [id=6248]
  0x0000025d41da0070 GCTaskThread "GC Thread#18" [stack: 0x00000078d0800000,0x00000078d0900000] [id=49024]
  0x0000025d41d9eff0 GCTaskThread "GC Thread#19" [stack: 0x00000078d0900000,0x00000078d0a00000] [id=38292]
  0x0000025d41d9dcb0 GCTaskThread "GC Thread#20" [stack: 0x00000078d0a00000,0x00000078d0b00000] [id=53760]
  0x0000025d41d9f2b0 GCTaskThread "GC Thread#21" [stack: 0x00000078d0b00000,0x00000078d0c00000] [id=56212]
  0x0000025d41d9f570 GCTaskThread "GC Thread#22" [stack: 0x00000078d0c00000,0x00000078d0d00000] [id=38716]
  0x0000025d5a75bfd0 ConcurrentGCThread "G1 Main Marker" [stack: 0x00000078ccb00000,0x00000078ccc00000] [id=10620]
  0x0000025d5a7b0af0 ConcurrentGCThread "G1 Conc#0" [stack: 0x00000078ccc00000,0x00000078ccd00000] [id=17252]
  0x0000025d41da0330 ConcurrentGCThread "G1 Conc#1" [stack: 0x00000078d0d00000,0x00000078d0e00000] [id=45652]
  0x0000025d41da05f0 ConcurrentGCThread "G1 Conc#2" [stack: 0x00000078d0e00000,0x00000078d0f00000] [id=54200]
  0x0000025d41da08b0 ConcurrentGCThread "G1 Conc#3" [stack: 0x00000078d0f00000,0x00000078d1000000] [id=18232]
  0x0000025d41da0b70 ConcurrentGCThread "G1 Conc#4" [stack: 0x00000078d1000000,0x00000078d1100000] [id=5328]
  0x0000025d41da0e30 ConcurrentGCThread "G1 Conc#5" [stack: 0x00000078d1100000,0x00000078d1200000] [id=50048]
  0x0000025d7a671e80 ConcurrentGCThread "G1 Refine#0" [stack: 0x00000078ccd00000,0x00000078cce00000] [id=55472]
  0x0000025d4300b2a0 ConcurrentGCThread "G1 Refine#1" [stack: 0x00000078ea300000,0x00000078ea400000] [id=21100]
  0x0000025d4300d2f0 ConcurrentGCThread "G1 Refine#2" [stack: 0x00000078eb700000,0x00000078eb800000] [id=49192]
  0x0000025d4300a3f0 ConcurrentGCThread "G1 Refine#3" [stack: 0x00000078eb800000,0x00000078eb900000] [id=45848]
  0x0000025d4300a6e0 ConcurrentGCThread "G1 Refine#4" [stack: 0x00000078eb900000,0x00000078eba00000] [id=48868]
  0x0000025d4300afb0 ConcurrentGCThread "G1 Refine#5" [stack: 0x00000078eba00000,0x00000078ebb00000] [id=41504]
  0x0000025d4300b590 ConcurrentGCThread "G1 Refine#6" [stack: 0x00000078ebb00000,0x00000078ebc00000] [id=3784]
  0x0000025d4300b880 ConcurrentGCThread "G1 Refine#7" [stack: 0x00000078ebc00000,0x00000078ebd00000] [id=50072]
  0x0000025d43009b20 ConcurrentGCThread "G1 Refine#8" [stack: 0x00000078ebd00000,0x00000078ebe00000] [id=17548]
  0x0000025d4300bb70 ConcurrentGCThread "G1 Refine#9" [stack: 0x00000078ebe00000,0x00000078ebf00000] [id=49428]
  0x0000025d4300be60 ConcurrentGCThread "G1 Refine#10" [stack: 0x00000078ebf00000,0x00000078ec000000] [id=51052]
  0x0000025d424b5930 ConcurrentGCThread "G1 Refine#11" [stack: 0x00000078ec000000,0x00000078ec100000] [id=11424]
  0x0000025d424b3ec0 ConcurrentGCThread "G1 Refine#12" [stack: 0x00000078ec100000,0x00000078ec200000] [id=36888]
  0x0000025d8a546020 ConcurrentGCThread "G1 Refine#13" [stack: 0x00000078ec200000,0x00000078ec300000] [id=15000]
  0x0000025d8a546310 ConcurrentGCThread "G1 Refine#14" [stack: 0x00000078ec400000,0x00000078ec500000] [id=39012]
  0x0000025d8a546600 ConcurrentGCThread "G1 Refine#15" [stack: 0x00000078eea00000,0x00000078eeb00000] [id=22604]
  0x0000025d8a543410 ConcurrentGCThread "G1 Refine#16" [stack: 0x00000078eeb00000,0x00000078eec00000] [id=55780]
  0x0000025d8a5442c0 ConcurrentGCThread "G1 Refine#17" [stack: 0x00000078eec00000,0x00000078eed00000] [id=16412]
  0x0000025d8a5445b0 ConcurrentGCThread "G1 Refine#18" [stack: 0x00000078eed00000,0x00000078eee00000] [id=25396]
  0x0000025d48431960 ConcurrentGCThread "G1 Refine#19" [stack: 0x00000078eee00000,0x00000078eef00000] [id=17492]
  0x0000025d4300a9d0 ConcurrentGCThread "G1 Refine#20" [stack: 0x00000078eef00000,0x00000078ef000000] [id=54824]
  0x0000025d42a47480 ConcurrentGCThread "G1 Refine#21" [stack: 0x00000078ef000000,0x00000078ef100000] [id=18716]
  0x0000025d42a45ff0 ConcurrentGCThread "G1 Refine#22" [stack: 0x00000078ef100000,0x00000078ef200000] [id=45716]
  0x0000025d7a672560 ConcurrentGCThread "G1 Service" [stack: 0x00000078cce00000,0x00000078ccf00000] [id=45632]

Threads with active compile tasks:

VM state: at safepoint (normal execution)

VM Mutex/Monitor currently owned by a thread:  ([mutex/lock_event])
[0x0000025d5a739a50] Threads_lock - owner thread: 0x0000025d7ac08830
[0x0000025d5a739b70] Heap_lock - owner thread: 0x0000025d4394a2d0

Heap address: 0x0000000080000000, size: 2048 MB, Compressed Oops mode: 32-bit

CDS archive(s) mapped at: [0x0000025d00000000-0x0000025d00bd0000-0x0000025d00bd0000), size 12386304, SharedBaseAddress: 0x0000025d00000000, ArchiveRelocationMode: 1.
Compressed class space mapped at: 0x0000025d01000000-0x0000025d41000000, reserved size: 1073741824
Narrow klass base: 0x0000025d00000000, Narrow klass shift: 0, Narrow klass range: 0x100000000

GC Precious Log:
 CPUs: 32 total, 32 available
 Memory: 32692M
 Large Page Support: Disabled
 NUMA Support: Disabled
 Compressed Oops: Enabled (32-bit)
 Heap Region Size: 1M
 Heap Min Capacity: 8M
 Heap Initial Capacity: 512M
 Heap Max Capacity: 2G
 Pre-touch: Disabled
 Parallel Workers: 23
 Concurrent Workers: 6
 Concurrent Refinement Workers: 23
 Periodic GC: Disabled

Heap:
 garbage-first heap   total 590848K, used 232508K [0x0000000080000000, 0x0000000100000000)
  region size 1024K, 13 young (13312K), 13 survivors (13312K)
 Metaspace       used 192968K, committed 196544K, reserved 1245184K
  class space    used 25259K, committed 26688K, reserved 1048576K

Heap Regions: E=young(eden), S=young(survivor), O=old, HS=humongous(starts), HC=humongous(continues), CS=collection set, F=free, OA=open archive, CA=closed archive, TAMS=top-at-mark-start (previous, next)
|   0|0x0000000080000000, 0x0000000080100000, 0x0000000080100000|100%|HS|  |TAMS 0x0000000080100000, 0x0000000080100000| Complete 
|   1|0x0000000080100000, 0x0000000080200000, 0x0000000080200000|100%|HC|  |TAMS 0x0000000080200000, 0x0000000080200000| Complete 
|   2|0x0000000080200000, 0x0000000080300000, 0x0000000080300000|100%|HC|  |TAMS 0x0000000080300000, 0x0000000080300000| Complete 
|   3|0x0000000080300000, 0x00000000803ffff8, 0x0000000080400000| 99%| O|  |TAMS 0x00000000803ffff8, 0x00000000803ffff8| Untracked 
|   4|0x0000000080400000, 0x0000000080500000, 0x0000000080500000|100%| O|  |TAMS 0x0000000080500000, 0x0000000080500000| Untracked 
|   5|0x0000000080500000, 0x00000000805f1c60, 0x0000000080600000| 94%| O|  |TAMS 0x00000000805f1c60, 0x00000000805f1c60| Untracked 
|   6|0x0000000080600000, 0x0000000080700000, 0x0000000080700000|100%| O|  |TAMS 0x0000000080700000, 0x0000000080700000| Untracked 
|   7|0x0000000080700000, 0x0000000080800000, 0x0000000080800000|100%| O|  |TAMS 0x0000000080800000, 0x0000000080800000| Untracked 
|   8|0x0000000080800000, 0x00000000808fffc8, 0x0000000080900000| 99%| O|  |TAMS 0x00000000808fffc8, 0x00000000808fffc8| Untracked 
|   9|0x0000000080900000, 0x00000000809fffe8, 0x0000000080a00000| 99%| O|  |TAMS 0x00000000809fffe8, 0x00000000809fffe8| Untracked 
|  10|0x0000000080a00000, 0x0000000080affff0, 0x0000000080b00000| 99%| O|  |TAMS 0x0000000080affff0, 0x0000000080affff0| Untracked 
|  11|0x0000000080b00000, 0x0000000080bfffe0, 0x0000000080c00000| 99%| O|  |TAMS 0x0000000080bfffe0, 0x0000000080bfffe0| Untracked 
|  12|0x0000000080c00000, 0x0000000080cffd00, 0x0000000080d00000| 99%| O|  |TAMS 0x0000000080cffd00, 0x0000000080cffd00| Untracked 
|  13|0x0000000080d00000, 0x0000000080e00000, 0x0000000080e00000|100%| O|  |TAMS 0x0000000080e00000, 0x0000000080e00000| Untracked 
|  14|0x0000000080e00000, 0x0000000080efffe8, 0x0000000080f00000| 99%| O|  |TAMS 0x0000000080efffe8, 0x0000000080efffe8| Untracked 
|  15|0x0000000080f00000, 0x0000000080ffffd8, 0x0000000081000000| 99%| O|  |TAMS 0x0000000080ffffd8, 0x0000000080ffffd8| Untracked 
|  16|0x0000000081000000, 0x00000000810fffe8, 0x0000000081100000| 99%| O|  |TAMS 0x00000000810fffe8, 0x00000000810fffe8| Untracked 
|  17|0x0000000081100000, 0x00000000811ffff8, 0x0000000081200000| 99%| O|  |TAMS 0x00000000811ffff8, 0x00000000811ffff8| Untracked 
|  18|0x0000000081200000, 0x00000000812f89b0, 0x0000000081300000| 97%| O|  |TAMS 0x00000000812f89b0, 0x00000000812f89b0| Untracked 
|  19|0x0000000081300000, 0x00000000813ffce8, 0x0000000081400000| 99%| O|  |TAMS 0x00000000813ffce8, 0x00000000813ffce8| Untracked 
|  20|0x0000000081400000, 0x00000000814ffff8, 0x0000000081500000| 99%| O|  |TAMS 0x00000000814ffff8, 0x00000000814ffff8| Untracked 
|  21|0x0000000081500000, 0x00000000815ffff0, 0x0000000081600000| 99%| O|  |TAMS 0x00000000815ffff0, 0x00000000815ffff0| Untracked 
|  22|0x0000000081600000, 0x00000000816ffff8, 0x0000000081700000| 99%| O|  |TAMS 0x00000000816ffff8, 0x00000000816ffff8| Untracked 
|  23|0x0000000081700000, 0x0000000081800000, 0x0000000081800000|100%| O|  |TAMS 0x0000000081800000, 0x0000000081800000| Untracked 
|  24|0x0000000081800000, 0x00000000818ffff8, 0x0000000081900000| 99%| O|  |TAMS 0x00000000818ffff8, 0x00000000818ffff8| Untracked 
|  25|0x0000000081900000, 0x00000000819fff08, 0x0000000081a00000| 99%| O|  |TAMS 0x00000000819fff08, 0x00000000819fff08| Untracked 
|  26|0x0000000081a00000, 0x0000000081b00000, 0x0000000081b00000|100%| O|  |TAMS 0x0000000081b00000, 0x0000000081b00000| Untracked 
|  27|0x0000000081b00000, 0x0000000081bffff8, 0x0000000081c00000| 99%| O|  |TAMS 0x0000000081bffff8, 0x0000000081bffff8| Untracked 
|  28|0x0000000081c00000, 0x0000000081ce3a80, 0x0000000081d00000| 88%| O|  |TAMS 0x0000000081ce3a80, 0x0000000081ce3a80| Untracked 
|  29|0x0000000081d00000, 0x0000000081dfffc0, 0x0000000081e00000| 99%| O|  |TAMS 0x0000000081dfffc0, 0x0000000081dfffc0| Untracked 
|  30|0x0000000081e00000, 0x0000000081ef2540, 0x0000000081f00000| 94%| O|  |TAMS 0x0000000081ef2540, 0x0000000081ef2540| Untracked 
|  31|0x0000000081f00000, 0x0000000081fffcb0, 0x0000000082000000| 99%| O|  |TAMS 0x0000000081fffcb0, 0x0000000081fffcb0| Untracked 
|  32|0x0000000082000000, 0x0000000082100000, 0x0000000082100000|100%| O|  |TAMS 0x0000000082100000, 0x0000000082100000| Untracked 
|  33|0x0000000082100000, 0x00000000821ffff8, 0x0000000082200000| 99%| O|  |TAMS 0x00000000821ffff8, 0x00000000821ffff8| Untracked 
|  34|0x0000000082200000, 0x00000000822ffff8, 0x0000000082300000| 99%| O|  |TAMS 0x00000000822ffff8, 0x00000000822ffff8| Untracked 
|  35|0x0000000082300000, 0x0000000082400000, 0x0000000082400000|100%| O|  |TAMS 0x0000000082400000, 0x0000000082400000| Untracked 
|  36|0x0000000082400000, 0x00000000824ffff8, 0x0000000082500000| 99%| O|  |TAMS 0x00000000824ffff8, 0x00000000824ffff8| Untracked 
|  37|0x0000000082500000, 0x00000000825fb820, 0x0000000082600000| 98%| O|  |TAMS 0x00000000825fb820, 0x00000000825fb820| Untracked 
|  38|0x0000000082600000, 0x00000000826cba60, 0x0000000082700000| 79%| O|  |TAMS 0x00000000826cba60, 0x00000000826cba60| Untracked 
|  39|0x0000000082700000, 0x00000000827ffff8, 0x0000000082800000| 99%| O|  |TAMS 0x00000000827ffff8, 0x00000000827ffff8| Untracked 
|  40|0x0000000082800000, 0x00000000828fffb0, 0x0000000082900000| 99%| O|  |TAMS 0x00000000828fffb0, 0x00000000828fffb0| Untracked 
|  41|0x0000000082900000, 0x0000000082a00000, 0x0000000082a00000|100%| O|  |TAMS 0x0000000082a00000, 0x0000000082a00000| Untracked 
|  42|0x0000000082a00000, 0x0000000082afffd8, 0x0000000082b00000| 99%| O|  |TAMS 0x0000000082afffd8, 0x0000000082afffd8| Untracked 
|  43|0x0000000082b00000, 0x0000000082bffff8, 0x0000000082c00000| 99%| O|  |TAMS 0x0000000082bffff8, 0x0000000082bffff8| Untracked 
|  44|0x0000000082c00000, 0x0000000082c9cca8, 0x0000000082d00000| 61%| O|  |TAMS 0x0000000082c9cca8, 0x0000000082c9cca8| Untracked 
|  45|0x0000000082d00000, 0x0000000082e00000, 0x0000000082e00000|100%| O|  |TAMS 0x0000000082e00000, 0x0000000082e00000| Untracked 
|  46|0x0000000082e00000, 0x0000000082f00000, 0x0000000082f00000|100%|HS|  |TAMS 0x0000000082f00000, 0x0000000082f00000| Complete 
|  47|0x0000000082f00000, 0x0000000083000000, 0x0000000083000000|100%|HS|  |TAMS 0x0000000083000000, 0x0000000083000000| Complete 
|  48|0x0000000083000000, 0x0000000083100000, 0x0000000083100000|100%|HC|  |TAMS 0x0000000083100000, 0x0000000083100000| Complete 
|  49|0x0000000083100000, 0x0000000083200000, 0x0000000083200000|100%|HS|  |TAMS 0x0000000083200000, 0x0000000083200000| Complete 
|  50|0x0000000083200000, 0x0000000083300000, 0x0000000083300000|100%|HS|  |TAMS 0x0000000083300000, 0x0000000083300000| Complete 
|  51|0x0000000083300000, 0x0000000083400000, 0x0000000083400000|100%|HC|  |TAMS 0x0000000083400000, 0x0000000083400000| Complete 
|  52|0x0000000083400000, 0x0000000083500000, 0x0000000083500000|100%|HC|  |TAMS 0x0000000083500000, 0x0000000083500000| Complete 
|  53|0x0000000083500000, 0x0000000083600000, 0x0000000083600000|100%|HC|  |TAMS 0x0000000083600000, 0x0000000083600000| Complete 
|  54|0x0000000083600000, 0x000000008369f248, 0x0000000083700000| 62%| O|  |TAMS 0x000000008369f248, 0x000000008369f248| Untracked 
|  55|0x0000000083700000, 0x00000000837fffe8, 0x0000000083800000| 99%| O|  |TAMS 0x00000000837fffe8, 0x00000000837fffe8| Untracked 
|  56|0x0000000083800000, 0x00000000838fffc8, 0x0000000083900000| 99%| O|  |TAMS 0x00000000838fffc8, 0x00000000838fffc8| Untracked 
|  57|0x0000000083900000, 0x00000000839ffff0, 0x0000000083a00000| 99%| O|  |TAMS 0x00000000839ffff0, 0x00000000839ffff0| Untracked 
|  58|0x0000000083a00000, 0x0000000083b00000, 0x0000000083b00000|100%| O|  |TAMS 0x0000000083b00000, 0x0000000083b00000| Untracked 
|  59|0x0000000083b00000, 0x0000000083bd1870, 0x0000000083c00000| 81%| O|  |TAMS 0x0000000083bd1870, 0x0000000083bd1870| Untracked 
|  60|0x0000000083c00000, 0x0000000083cfffe8, 0x0000000083d00000| 99%| O|  |TAMS 0x0000000083cfffe8, 0x0000000083cfffe8| Untracked 
|  61|0x0000000083d00000, 0x0000000083dfffa0, 0x0000000083e00000| 99%| O|  |TAMS 0x0000000083dfffa0, 0x0000000083dfffa0| Untracked 
|  62|0x0000000083e00000, 0x0000000083ef5770, 0x0000000083f00000| 95%| O|  |TAMS 0x0000000083ef5770, 0x0000000083ef5770| Untracked 
|  63|0x0000000083f00000, 0x0000000083ff9d70, 0x0000000084000000| 97%| O|  |TAMS 0x0000000083ff9d70, 0x0000000083ff9d70| Untracked 
|  64|0x0000000084000000, 0x00000000840fffd8, 0x0000000084100000| 99%| O|  |TAMS 0x00000000840fffd8, 0x00000000840fffd8| Untracked 
|  65|0x0000000084100000, 0x00000000841f8b78, 0x0000000084200000| 97%| O|  |TAMS 0x00000000841f8b78, 0x00000000841f8b78| Untracked 
|  66|0x0000000084200000, 0x00000000842ffff0, 0x0000000084300000| 99%| O|  |TAMS 0x00000000842ffff0, 0x00000000842ffff0| Untracked 
|  67|0x0000000084300000, 0x0000000084400000, 0x0000000084400000|100%| O|  |TAMS 0x0000000084400000, 0x0000000084400000| Untracked 
|  68|0x0000000084400000, 0x00000000844f0cb8, 0x0000000084500000| 94%| O|  |TAMS 0x00000000844f0cb8, 0x00000000844f0cb8| Untracked 
|  69|0x0000000084500000, 0x0000000084600000, 0x0000000084600000|100%| O|  |TAMS 0x0000000084600000, 0x0000000084600000| Untracked 
|  70|0x0000000084600000, 0x0000000084700000, 0x0000000084700000|100%| O|  |TAMS 0x0000000084700000, 0x0000000084700000| Untracked 
|  71|0x0000000084700000, 0x0000000084800000, 0x0000000084800000|100%| O|  |TAMS 0x0000000084800000, 0x0000000084800000| Untracked 
|  72|0x0000000084800000, 0x00000000848fffe0, 0x0000000084900000| 99%| O|  |TAMS 0x00000000848fffe0, 0x00000000848fffe0| Untracked 
|  73|0x0000000084900000, 0x00000000849fffd0, 0x0000000084a00000| 99%| O|  |TAMS 0x00000000849fffd0, 0x00000000849fffd0| Untracked 
|  74|0x0000000084a00000, 0x0000000084b00000, 0x0000000084b00000|100%| O|  |TAMS 0x0000000084b00000, 0x0000000084b00000| Untracked 
|  75|0x0000000084b00000, 0x0000000084bffd98, 0x0000000084c00000| 99%| O|  |TAMS 0x0000000084bffd98, 0x0000000084bffd98| Untracked 
|  76|0x0000000084c00000, 0x0000000084cfffd0, 0x0000000084d00000| 99%| O|  |TAMS 0x0000000084cfffd0, 0x0000000084cfffd0| Untracked 
|  77|0x0000000084d00000, 0x0000000084dfffe8, 0x0000000084e00000| 99%| O|  |TAMS 0x0000000084dfffe8, 0x0000000084dfffe8| Untracked 
|  78|0x0000000084e00000, 0x0000000084efae40, 0x0000000084f00000| 98%| O|  |TAMS 0x0000000084efae40, 0x0000000084efae40| Untracked 
|  79|0x0000000084f00000, 0x0000000085000000, 0x0000000085000000|100%| O|  |TAMS 0x0000000085000000, 0x0000000085000000| Untracked 
|  80|0x0000000085000000, 0x00000000850ffff0, 0x0000000085100000| 99%| O|  |TAMS 0x00000000850ffff0, 0x00000000850ffff0| Untracked 
|  81|0x0000000085100000, 0x0000000085200000, 0x0000000085200000|100%| O|  |TAMS 0x0000000085200000, 0x0000000085200000| Untracked 
|  82|0x0000000085200000, 0x00000000852fffb8, 0x0000000085300000| 99%| O|  |TAMS 0x00000000852fffb8, 0x00000000852fffb8| Untracked 
|  83|0x0000000085300000, 0x00000000853fffd0, 0x0000000085400000| 99%| O|  |TAMS 0x00000000853fffd0, 0x00000000853fffd0| Untracked 
|  84|0x0000000085400000, 0x0000000085500000, 0x0000000085500000|100%| O|  |TAMS 0x0000000085500000, 0x0000000085500000| Untracked 
|  85|0x0000000085500000, 0x00000000855d1590, 0x0000000085600000| 81%| O|  |TAMS 0x00000000855d1590, 0x00000000855d1590| Untracked 
|  86|0x0000000085600000, 0x00000000856fc838, 0x0000000085700000| 98%| O|  |TAMS 0x00000000856fc838, 0x00000000856fc838| Untracked 
|  87|0x0000000085700000, 0x00000000857fffc0, 0x0000000085800000| 99%| O|  |TAMS 0x00000000857fffc0, 0x00000000857fffc0| Untracked 
|  88|0x0000000085800000, 0x00000000858f95d8, 0x0000000085900000| 97%| O|  |TAMS 0x00000000858f95d8, 0x00000000858f95d8| Untracked 
|  89|0x0000000085900000, 0x0000000085a00000, 0x0000000085a00000|100%| O|  |TAMS 0x0000000085a00000, 0x0000000085a00000| Untracked 
|  90|0x0000000085a00000, 0x0000000085affff0, 0x0000000085b00000| 99%| O|  |TAMS 0x0000000085affff0, 0x0000000085affff0| Untracked 
|  91|0x0000000085b00000, 0x0000000085bffff8, 0x0000000085c00000| 99%| O|  |TAMS 0x0000000085bffff8, 0x0000000085bffff8| Untracked 
|  92|0x0000000085c00000, 0x0000000085d00000, 0x0000000085d00000|100%| O|  |TAMS 0x0000000085d00000, 0x0000000085d00000| Untracked 
|  93|0x0000000085d00000, 0x0000000085dfffd8, 0x0000000085e00000| 99%| O|  |TAMS 0x0000000085dfffd8, 0x0000000085dfffd8| Untracked 
|  94|0x0000000085e00000, 0x0000000085e99dc0, 0x0000000085f00000| 60%| O|  |TAMS 0x0000000085e99dc0, 0x0000000085e99dc0| Untracked 
|  95|0x0000000085f00000, 0x0000000085fffff0, 0x0000000086000000| 99%| O|  |TAMS 0x0000000085fffff0, 0x0000000085fffff0| Untracked 
|  96|0x0000000086000000, 0x00000000860fffb0, 0x0000000086100000| 99%| O|  |TAMS 0x00000000860fffb0, 0x00000000860fffb0| Untracked 
|  97|0x0000000086100000, 0x00000000861b4398, 0x0000000086200000| 70%| O|  |TAMS 0x00000000861b4398, 0x00000000861b4398| Untracked 
|  98|0x0000000086200000, 0x00000000862ffff8, 0x0000000086300000| 99%| O|  |TAMS 0x00000000862ffff8, 0x00000000862ffff8| Untracked 
|  99|0x0000000086300000, 0x0000000086400000, 0x0000000086400000|100%|HS|  |TAMS 0x0000000086400000, 0x0000000086400000| Complete 
| 100|0x0000000086400000, 0x00000000864ffff0, 0x0000000086500000| 99%| O|  |TAMS 0x00000000864ffff0, 0x00000000864ffff0| Untracked 
| 101|0x0000000086500000, 0x00000000865ffff8, 0x0000000086600000| 99%| O|  |TAMS 0x00000000865ffff8, 0x00000000865ffff8| Untracked 
| 102|0x0000000086600000, 0x00000000866ffff0, 0x0000000086700000| 99%| O|  |TAMS 0x00000000866ffff0, 0x00000000866ffff0| Untracked 
| 103|0x0000000086700000, 0x00000000867fffb0, 0x0000000086800000| 99%| O|  |TAMS 0x00000000867fffb0, 0x00000000867fffb0| Untracked 
| 104|0x0000000086800000, 0x00000000868fff28, 0x0000000086900000| 99%| O|  |TAMS 0x00000000868fff28, 0x00000000868fff28| Untracked 
| 105|0x0000000086900000, 0x00000000869fff50, 0x0000000086a00000| 99%| O|  |TAMS 0x00000000869fff50, 0x00000000869fff50| Untracked 
| 106|0x0000000086a00000, 0x0000000086affff8, 0x0000000086b00000| 99%| O|  |TAMS 0x0000000086affff8, 0x0000000086affff8| Untracked 
| 107|0x0000000086b00000, 0x0000000086bffff0, 0x0000000086c00000| 99%| O|  |TAMS 0x0000000086bffff0, 0x0000000086bffff0| Untracked 
| 108|0x0000000086c00000, 0x0000000086cffff8, 0x0000000086d00000| 99%| O|  |TAMS 0x0000000086cffff8, 0x0000000086cffff8| Untracked 
| 109|0x0000000086d00000, 0x0000000086dffff8, 0x0000000086e00000| 99%| O|  |TAMS 0x0000000086dffff8, 0x0000000086dffff8| Untracked 
| 110|0x0000000086e00000, 0x0000000086f00000, 0x0000000086f00000|100%| O|  |TAMS 0x0000000086f00000, 0x0000000086f00000| Untracked 
| 111|0x0000000086f00000, 0x0000000086ffffe8, 0x0000000087000000| 99%| O|  |TAMS 0x0000000086ffffe8, 0x0000000086ffffe8| Untracked 
| 112|0x0000000087000000, 0x00000000870fffc0, 0x0000000087100000| 99%| O|  |TAMS 0x00000000870fffc0, 0x00000000870fffc0| Untracked 
| 113|0x0000000087100000, 0x00000000871ffff0, 0x0000000087200000| 99%| O|  |TAMS 0x00000000871ffff0, 0x00000000871ffff0| Untracked 
| 114|0x0000000087200000, 0x00000000872fbce8, 0x0000000087300000| 98%| O|  |TAMS 0x00000000872fbce8, 0x00000000872fbce8| Untracked 
| 115|0x0000000087300000, 0x00000000873ffff0, 0x0000000087400000| 99%| O|  |TAMS 0x00000000873ffff0, 0x00000000873ffff0| Untracked 
| 116|0x0000000087400000, 0x00000000874ffff8, 0x0000000087500000| 99%| O|  |TAMS 0x00000000874ffff8, 0x00000000874ffff8| Untracked 
| 117|0x0000000087500000, 0x0000000087600000, 0x0000000087600000|100%| O|  |TAMS 0x0000000087600000, 0x0000000087600000| Untracked 
| 118|0x0000000087600000, 0x00000000876fffd8, 0x0000000087700000| 99%| O|  |TAMS 0x00000000876fffd8, 0x00000000876fffd8| Untracked 
| 119|0x0000000087700000, 0x00000000877fffd8, 0x0000000087800000| 99%| O|  |TAMS 0x00000000877fffd8, 0x00000000877fffd8| Untracked 
| 120|0x0000000087800000, 0x00000000878f9410, 0x0000000087900000| 97%| O|  |TAMS 0x00000000878f9410, 0x00000000878f9410| Untracked 
| 121|0x0000000087900000, 0x0000000087a00000, 0x0000000087a00000|100%| O|  |TAMS 0x0000000087900000, 0x0000000087a00000| Untracked 
| 122|0x0000000087a00000, 0x0000000087b00000, 0x0000000087b00000|100%| O|  |TAMS 0x0000000087b00000, 0x0000000087b00000| Untracked 
| 123|0x0000000087b00000, 0x0000000087bac4d8, 0x0000000087c00000| 67%| O|  |TAMS 0x0000000087bac4d8, 0x0000000087bac4d8| Untracked 
| 124|0x0000000087c00000, 0x0000000087cb2820, 0x0000000087d00000| 69%| O|  |TAMS 0x0000000087cb2820, 0x0000000087cb2820| Untracked 
| 125|0x0000000087d00000, 0x0000000087de9648, 0x0000000087e00000| 91%| O|  |TAMS 0x0000000087de9648, 0x0000000087de9648| Untracked 
| 126|0x0000000087e00000, 0x0000000087f00000, 0x0000000087f00000|100%| O|  |TAMS 0x0000000087f00000, 0x0000000087f00000| Untracked 
| 127|0x0000000087f00000, 0x0000000087fffc98, 0x0000000088000000| 99%| O|  |TAMS 0x0000000087fffc98, 0x0000000087fffc98| Untracked 
| 128|0x0000000088000000, 0x0000000088100000, 0x0000000088100000|100%| O|  |TAMS 0x0000000088000000, 0x0000000088100000| Untracked 
| 129|0x0000000088100000, 0x0000000088200000, 0x0000000088200000|100%| O|  |TAMS 0x0000000088200000, 0x0000000088200000| Untracked 
| 130|0x0000000088200000, 0x0000000088300000, 0x0000000088300000|100%| O|  |TAMS 0x0000000088300000, 0x0000000088300000| Untracked 
| 131|0x0000000088300000, 0x00000000883adf88, 0x0000000088400000| 67%| O|  |TAMS 0x00000000883adf88, 0x00000000883adf88| Untracked 
| 132|0x0000000088400000, 0x0000000088414560, 0x0000000088500000|  7%| O|  |TAMS 0x0000000088414560, 0x0000000088414560| Untracked 
| 133|0x0000000088500000, 0x00000000885fff88, 0x0000000088600000| 99%| O|  |TAMS 0x00000000885fff88, 0x00000000885fff88| Untracked 
| 134|0x0000000088600000, 0x0000000088700000, 0x0000000088700000|100%| O|  |TAMS 0x0000000088700000, 0x0000000088700000| Untracked 
| 135|0x0000000088700000, 0x0000000088800000, 0x0000000088800000|100%| O|  |TAMS 0x0000000088700000, 0x0000000088800000| Untracked 
| 136|0x0000000088800000, 0x00000000888266f8, 0x0000000088900000| 15%| O|  |TAMS 0x00000000888266f8, 0x00000000888266f8| Untracked 
| 137|0x0000000088900000, 0x0000000088a00000, 0x0000000088a00000|100%|HS|  |TAMS 0x0000000088a00000, 0x0000000088a00000| Complete 
| 138|0x0000000088a00000, 0x0000000088b00000, 0x0000000088b00000|100%|HS|  |TAMS 0x0000000088b00000, 0x0000000088b00000| Complete 
| 139|0x0000000088b00000, 0x0000000088c00000, 0x0000000088c00000|100%| O|  |TAMS 0x0000000088b00000, 0x0000000088c00000| Untracked 
| 140|0x0000000088c00000, 0x0000000088d00000, 0x0000000088d00000|100%|HS|  |TAMS 0x0000000088d00000, 0x0000000088d00000| Complete 
| 141|0x0000000088d00000, 0x0000000088d36208, 0x0000000088e00000| 21%| O|  |TAMS 0x0000000088d36208, 0x0000000088d36208| Untracked 
| 142|0x0000000088e00000, 0x0000000088e95108, 0x0000000088f00000| 58%| O|  |TAMS 0x0000000088e95108, 0x0000000088e95108| Untracked 
| 143|0x0000000088f00000, 0x0000000089000000, 0x0000000089000000|100%| O|  |TAMS 0x0000000088f00000, 0x0000000089000000| Untracked 
| 144|0x0000000089000000, 0x0000000089000000, 0x0000000089100000|  0%| F|  |TAMS 0x0000000089000000, 0x0000000089000000| Untracked 
| 145|0x0000000089100000, 0x0000000089200000, 0x0000000089200000|100%| O|  |TAMS 0x0000000089100000, 0x0000000089200000| Untracked 
| 146|0x0000000089200000, 0x00000000892fffc0, 0x0000000089300000| 99%| O|  |TAMS 0x00000000892fffc0, 0x00000000892fffc0| Untracked 
| 147|0x0000000089300000, 0x0000000089400000, 0x0000000089400000|100%| O|  |TAMS 0x0000000089300000, 0x0000000089400000| Untracked 
| 148|0x0000000089400000, 0x0000000089500000, 0x0000000089500000|100%| O|  |TAMS 0x0000000089400000, 0x0000000089500000| Untracked 
| 149|0x0000000089500000, 0x0000000089600000, 0x0000000089600000|100%| O|  |TAMS 0x0000000089500000, 0x0000000089600000| Untracked 
| 150|0x0000000089600000, 0x0000000089700000, 0x0000000089700000|100%| O|  |TAMS 0x0000000089700000, 0x0000000089700000| Untracked 
| 151|0x0000000089700000, 0x0000000089800000, 0x0000000089800000|100%| O|  |TAMS 0x0000000089700000, 0x0000000089800000| Untracked 
| 152|0x0000000089800000, 0x0000000089900000, 0x0000000089900000|100%| O|  |TAMS 0x0000000089800000, 0x0000000089900000| Untracked 
| 153|0x0000000089900000, 0x0000000089a00000, 0x0000000089a00000|100%|HS|  |TAMS 0x0000000089a00000, 0x0000000089a00000| Complete 
| 154|0x0000000089a00000, 0x0000000089b00000, 0x0000000089b00000|100%| O|  |TAMS 0x0000000089a00000, 0x0000000089b00000| Untracked 
| 155|0x0000000089b00000, 0x0000000089c00000, 0x0000000089c00000|100%| O|  |TAMS 0x0000000089b00000, 0x0000000089c00000| Untracked 
| 156|0x0000000089c00000, 0x0000000089cc1828, 0x0000000089d00000| 75%| O|  |TAMS 0x0000000089cc1828, 0x0000000089cc1828| Untracked 
| 157|0x0000000089d00000, 0x0000000089e00000, 0x0000000089e00000|100%| O|  |TAMS 0x0000000089d00000, 0x0000000089e00000| Untracked 
| 158|0x0000000089e00000, 0x0000000089f00000, 0x0000000089f00000|100%| O|  |TAMS 0x0000000089e00000, 0x0000000089f00000| Untracked 
| 159|0x0000000089f00000, 0x000000008a000000, 0x000000008a000000|100%|HS|  |TAMS 0x000000008a000000, 0x000000008a000000| Complete 
| 160|0x000000008a000000, 0x000000008a100000, 0x000000008a100000|100%| O|  |TAMS 0x000000008a000000, 0x000000008a100000| Untracked 
| 161|0x000000008a100000, 0x000000008a200000, 0x000000008a200000|100%|HS|  |TAMS 0x000000008a200000, 0x000000008a200000| Complete 
| 162|0x000000008a200000, 0x000000008a300000, 0x000000008a300000|100%| O|  |TAMS 0x000000008a200000, 0x000000008a300000| Untracked 
| 163|0x000000008a300000, 0x000000008a371d78, 0x000000008a400000| 44%| O|  |TAMS 0x000000008a371d78, 0x000000008a371d78| Untracked 
| 164|0x000000008a400000, 0x000000008a500000, 0x000000008a500000|100%| O|  |TAMS 0x000000008a400000, 0x000000008a500000| Untracked 
| 165|0x000000008a500000, 0x000000008a600000, 0x000000008a600000|100%| O|  |TAMS 0x000000008a500000, 0x000000008a600000| Untracked 
| 166|0x000000008a600000, 0x000000008a700000, 0x000000008a700000|100%| O|  |TAMS 0x000000008a600000, 0x000000008a700000| Untracked 
| 167|0x000000008a700000, 0x000000008a800000, 0x000000008a800000|100%| O|  |TAMS 0x000000008a700000, 0x000000008a800000| Untracked 
| 168|0x000000008a800000, 0x000000008a900000, 0x000000008a900000|100%| O|  |TAMS 0x000000008a800000, 0x000000008a900000| Untracked 
| 169|0x000000008a900000, 0x000000008aa00000, 0x000000008aa00000|100%| O|  |TAMS 0x000000008a900000, 0x000000008aa00000| Untracked 
| 170|0x000000008aa00000, 0x000000008aa33468, 0x000000008ab00000| 20%| O|  |TAMS 0x000000008aa33468, 0x000000008aa33468| Untracked 
| 171|0x000000008ab00000, 0x000000008ac00000, 0x000000008ac00000|100%| O|  |TAMS 0x000000008ab00000, 0x000000008ac00000| Untracked 
| 172|0x000000008ac00000, 0x000000008acd84e8, 0x000000008ad00000| 84%| O|  |TAMS 0x000000008acd84e8, 0x000000008acd84e8| Untracked 
| 173|0x000000008ad00000, 0x000000008ad00000, 0x000000008ae00000|  0%| F|  |TAMS 0x000000008ad00000, 0x000000008ad00000| Untracked 
| 174|0x000000008ae00000, 0x000000008af00000, 0x000000008af00000|100%| O|  |TAMS 0x000000008ae00000, 0x000000008af00000| Untracked 
| 175|0x000000008af00000, 0x000000008b000000, 0x000000008b000000|100%| O|  |TAMS 0x000000008af00000, 0x000000008b000000| Untracked 
| 176|0x000000008b000000, 0x000000008b100000, 0x000000008b100000|100%| O|  |TAMS 0x000000008b000000, 0x000000008b100000| Untracked 
| 177|0x000000008b100000, 0x000000008b200000, 0x000000008b200000|100%| O|  |TAMS 0x000000008b100000, 0x000000008b200000| Untracked 
| 178|0x000000008b200000, 0x000000008b300000, 0x000000008b300000|100%| O|  |TAMS 0x000000008b200000, 0x000000008b300000| Untracked 
| 179|0x000000008b300000, 0x000000008b400000, 0x000000008b400000|100%| O|  |TAMS 0x000000008b300000, 0x000000008b400000| Untracked 
| 180|0x000000008b400000, 0x000000008b500000, 0x000000008b500000|100%| O|  |TAMS 0x000000008b400000, 0x000000008b500000| Untracked 
| 181|0x000000008b500000, 0x000000008b600000, 0x000000008b600000|100%| O|  |TAMS 0x000000008b500000, 0x000000008b600000| Untracked 
| 182|0x000000008b600000, 0x000000008b700000, 0x000000008b700000|100%| O|  |TAMS 0x000000008b600000, 0x000000008b700000| Untracked 
| 183|0x000000008b700000, 0x000000008b800000, 0x000000008b800000|100%| O|  |TAMS 0x000000008b700000, 0x000000008b800000| Untracked 
| 184|0x000000008b800000, 0x000000008b900000, 0x000000008b900000|100%| O|  |TAMS 0x000000008b800000, 0x000000008b900000| Untracked 
| 185|0x000000008b900000, 0x000000008ba00000, 0x000000008ba00000|100%| O|  |TAMS 0x000000008b900000, 0x000000008ba00000| Untracked 
| 186|0x000000008ba00000, 0x000000008bb00000, 0x000000008bb00000|100%| O|  |TAMS 0x000000008ba00000, 0x000000008bb00000| Untracked 
| 187|0x000000008bb00000, 0x000000008bc00000, 0x000000008bc00000|100%| O|  |TAMS 0x000000008bb00000, 0x000000008bc00000| Untracked 
| 188|0x000000008bc00000, 0x000000008bd00000, 0x000000008bd00000|100%| O|  |TAMS 0x000000008bc00000, 0x000000008bd00000| Untracked 
| 189|0x000000008bd00000, 0x000000008be00000, 0x000000008be00000|100%| O|  |TAMS 0x000000008bd00000, 0x000000008be00000| Untracked 
| 190|0x000000008be00000, 0x000000008bf00000, 0x000000008bf00000|100%| O|  |TAMS 0x000000008be00000, 0x000000008bf00000| Untracked 
| 191|0x000000008bf00000, 0x000000008c000000, 0x000000008c000000|100%| O|  |TAMS 0x000000008bf00000, 0x000000008c000000| Untracked 
| 192|0x000000008c000000, 0x000000008c100000, 0x000000008c100000|100%| O|  |TAMS 0x000000008c000000, 0x000000008c100000| Untracked 
| 193|0x000000008c100000, 0x000000008c200000, 0x000000008c200000|100%| O|  |TAMS 0x000000008c100000, 0x000000008c200000| Untracked 
| 194|0x000000008c200000, 0x000000008c200000, 0x000000008c300000|  0%| F|  |TAMS 0x000000008c200000, 0x000000008c200000| Untracked 
| 195|0x000000008c300000, 0x000000008c400000, 0x000000008c400000|100%| O|  |TAMS 0x000000008c300000, 0x000000008c400000| Untracked 
| 196|0x000000008c400000, 0x000000008c43dec8, 0x000000008c500000| 24%| O|  |TAMS 0x000000008c43dec8, 0x000000008c43dec8| Untracked 
| 197|0x000000008c500000, 0x000000008c600000, 0x000000008c600000|100%| O|  |TAMS 0x000000008c500000, 0x000000008c600000| Untracked 
| 198|0x000000008c600000, 0x000000008c700000, 0x000000008c700000|100%| O|  |TAMS 0x000000008c600000, 0x000000008c700000| Untracked 
| 199|0x000000008c700000, 0x000000008c800000, 0x000000008c800000|100%| O|  |TAMS 0x000000008c700000, 0x000000008c800000| Untracked 
| 200|0x000000008c800000, 0x000000008c900000, 0x000000008c900000|100%| O|  |TAMS 0x000000008c800000, 0x000000008c900000| Untracked 
| 201|0x000000008c900000, 0x000000008ca00000, 0x000000008ca00000|100%| O|  |TAMS 0x000000008c900000, 0x000000008ca00000| Untracked 
| 202|0x000000008ca00000, 0x000000008cb00000, 0x000000008cb00000|100%| O|  |TAMS 0x000000008ca00000, 0x000000008cb00000| Untracked 
| 203|0x000000008cb00000, 0x000000008cc00000, 0x000000008cc00000|100%| O|  |TAMS 0x000000008cb00000, 0x000000008cc00000| Untracked 
| 204|0x000000008cc00000, 0x000000008cd00000, 0x000000008cd00000|100%| O|  |TAMS 0x000000008cc00000, 0x000000008cd00000| Untracked 
| 205|0x000000008cd00000, 0x000000008ce00000, 0x000000008ce00000|100%| O|  |TAMS 0x000000008cd00000, 0x000000008ce00000| Untracked 
| 206|0x000000008ce00000, 0x000000008cf00000, 0x000000008cf00000|100%|HS|  |TAMS 0x000000008cf00000, 0x000000008cf00000| Complete 
| 207|0x000000008cf00000, 0x000000008d000000, 0x000000008d000000|100%|HC|  |TAMS 0x000000008d000000, 0x000000008d000000| Complete 
| 208|0x000000008d000000, 0x000000008d100000, 0x000000008d100000|100%|HC|  |TAMS 0x000000008d100000, 0x000000008d100000| Complete 
| 209|0x000000008d100000, 0x000000008d200000, 0x000000008d200000|100%|HC|  |TAMS 0x000000008d200000, 0x000000008d200000| Complete 
| 210|0x000000008d200000, 0x000000008d300000, 0x000000008d300000|100%|HC|  |TAMS 0x000000008d300000, 0x000000008d300000| Complete 
| 211|0x000000008d300000, 0x000000008d400000, 0x000000008d400000|100%|HC|  |TAMS 0x000000008d400000, 0x000000008d400000| Complete 
| 212|0x000000008d400000, 0x000000008d500000, 0x000000008d500000|100%| O|  |TAMS 0x000000008d400000, 0x000000008d500000| Untracked 
| 213|0x000000008d500000, 0x000000008d5ee000, 0x000000008d600000| 92%| O|  |TAMS 0x000000008d500000, 0x000000008d5ee000| Untracked 
| 214|0x000000008d600000, 0x000000008d600000, 0x000000008d700000|  0%| F|  |TAMS 0x000000008d600000, 0x000000008d600000| Untracked 
| 215|0x000000008d700000, 0x000000008d700000, 0x000000008d800000|  0%| F|  |TAMS 0x000000008d700000, 0x000000008d700000| Untracked 
| 216|0x000000008d800000, 0x000000008d81acd8, 0x000000008d900000| 10%| O|  |TAMS 0x000000008d81acd8, 0x000000008d81acd8| Untracked 
| 217|0x000000008d900000, 0x000000008d900000, 0x000000008da00000|  0%| F|  |TAMS 0x000000008d900000, 0x000000008d900000| Untracked 
| 218|0x000000008da00000, 0x000000008da00000, 0x000000008db00000|  0%| F|  |TAMS 0x000000008da00000, 0x000000008da00000| Untracked 
| 219|0x000000008db00000, 0x000000008db00000, 0x000000008dc00000|  0%| F|  |TAMS 0x000000008db00000, 0x000000008db00000| Untracked 
| 220|0x000000008dc00000, 0x000000008dc00000, 0x000000008dd00000|  0%| F|  |TAMS 0x000000008dc00000, 0x000000008dc00000| Untracked 
| 221|0x000000008dd00000, 0x000000008dd00000, 0x000000008de00000|  0%| F|  |TAMS 0x000000008dd00000, 0x000000008dd00000| Untracked 
| 222|0x000000008de00000, 0x000000008de00000, 0x000000008df00000|  0%| F|  |TAMS 0x000000008de00000, 0x000000008de00000| Untracked 
| 223|0x000000008df00000, 0x000000008df00000, 0x000000008e000000|  0%| F|  |TAMS 0x000000008df00000, 0x000000008df00000| Untracked 
| 224|0x000000008e000000, 0x000000008e000000, 0x000000008e100000|  0%| F|  |TAMS 0x000000008e000000, 0x000000008e000000| Untracked 
| 225|0x000000008e100000, 0x000000008e100000, 0x000000008e200000|  0%| F|  |TAMS 0x000000008e100000, 0x000000008e100000| Untracked 
| 226|0x000000008e200000, 0x000000008e200000, 0x000000008e300000|  0%| F|  |TAMS 0x000000008e200000, 0x000000008e200000| Untracked 
| 227|0x000000008e300000, 0x000000008e300000, 0x000000008e400000|  0%| F|  |TAMS 0x000000008e300000, 0x000000008e300000| Untracked 
| 228|0x000000008e400000, 0x000000008e400000, 0x000000008e500000|  0%| F|  |TAMS 0x000000008e400000, 0x000000008e400000| Untracked 
| 229|0x000000008e500000, 0x000000008e500000, 0x000000008e600000|  0%| F|  |TAMS 0x000000008e500000, 0x000000008e500000| Untracked 
| 230|0x000000008e600000, 0x000000008e600000, 0x000000008e700000|  0%| F|  |TAMS 0x000000008e600000, 0x000000008e600000| Untracked 
| 231|0x000000008e700000, 0x000000008e700000, 0x000000008e800000|  0%| F|  |TAMS 0x000000008e700000, 0x000000008e700000| Untracked 
| 232|0x000000008e800000, 0x000000008e800000, 0x000000008e900000|  0%| F|  |TAMS 0x000000008e800000, 0x000000008e800000| Untracked 
| 233|0x000000008e900000, 0x000000008e900000, 0x000000008ea00000|  0%| F|  |TAMS 0x000000008e900000, 0x000000008e900000| Untracked 
| 234|0x000000008ea00000, 0x000000008ea00000, 0x000000008eb00000|  0%| F|  |TAMS 0x000000008ea00000, 0x000000008ea00000| Untracked 
| 235|0x000000008eb00000, 0x000000008eb00000, 0x000000008ec00000|  0%| F|  |TAMS 0x000000008eb00000, 0x000000008eb00000| Untracked 
| 236|0x000000008ec00000, 0x000000008ec00000, 0x000000008ed00000|  0%| F|  |TAMS 0x000000008ec00000, 0x000000008ec00000| Untracked 
| 237|0x000000008ed00000, 0x000000008ed00000, 0x000000008ee00000|  0%| F|  |TAMS 0x000000008ed00000, 0x000000008ed00000| Untracked 
| 238|0x000000008ee00000, 0x000000008ee00000, 0x000000008ef00000|  0%| F|  |TAMS 0x000000008ee00000, 0x000000008ee00000| Untracked 
| 239|0x000000008ef00000, 0x000000008ef00000, 0x000000008f000000|  0%| F|  |TAMS 0x000000008ef00000, 0x000000008ef00000| Untracked 
| 240|0x000000008f000000, 0x000000008f000000, 0x000000008f100000|  0%| F|  |TAMS 0x000000008f000000, 0x000000008f000000| Untracked 
| 241|0x000000008f100000, 0x000000008f100000, 0x000000008f200000|  0%| F|  |TAMS 0x000000008f100000, 0x000000008f100000| Untracked 
| 242|0x000000008f200000, 0x000000008f200000, 0x000000008f300000|  0%| F|  |TAMS 0x000000008f200000, 0x000000008f200000| Untracked 
| 243|0x000000008f300000, 0x000000008f300000, 0x000000008f400000|  0%| F|  |TAMS 0x000000008f300000, 0x000000008f300000| Untracked 
| 244|0x000000008f400000, 0x000000008f400000, 0x000000008f500000|  0%| F|  |TAMS 0x000000008f400000, 0x000000008f400000| Untracked 
| 245|0x000000008f500000, 0x000000008f500000, 0x000000008f600000|  0%| F|  |TAMS 0x000000008f500000, 0x000000008f500000| Untracked 
| 246|0x000000008f600000, 0x000000008f600000, 0x000000008f700000|  0%| F|  |TAMS 0x000000008f600000, 0x000000008f600000| Untracked 
| 247|0x000000008f700000, 0x000000008f700000, 0x000000008f800000|  0%| F|  |TAMS 0x000000008f700000, 0x000000008f700000| Untracked 
| 248|0x000000008f800000, 0x000000008f810380, 0x000000008f900000|  6%| O|  |TAMS 0x000000008f810380, 0x000000008f810380| Untracked 
| 249|0x000000008f900000, 0x000000008f900000, 0x000000008fa00000|  0%| F|  |TAMS 0x000000008f900000, 0x000000008f900000| Untracked 
| 250|0x000000008fa00000, 0x000000008fa00000, 0x000000008fb00000|  0%| F|  |TAMS 0x000000008fa00000, 0x000000008fa00000| Untracked 
| 251|0x000000008fb00000, 0x000000008fb00000, 0x000000008fc00000|  0%| F|  |TAMS 0x000000008fb00000, 0x000000008fb00000| Untracked 
| 252|0x000000008fc00000, 0x000000008fc00000, 0x000000008fd00000|  0%| F|  |TAMS 0x000000008fc00000, 0x000000008fc00000| Untracked 
| 253|0x000000008fd00000, 0x000000008fd00000, 0x000000008fe00000|  0%| F|  |TAMS 0x000000008fd00000, 0x000000008fd00000| Untracked 
| 254|0x000000008fe00000, 0x000000008fe00000, 0x000000008ff00000|  0%| F|  |TAMS 0x000000008fe00000, 0x000000008fe00000| Untracked 
| 255|0x000000008ff00000, 0x000000008ff00000, 0x0000000090000000|  0%| F|  |TAMS 0x000000008ff00000, 0x000000008ff00000| Untracked 
| 256|0x0000000090000000, 0x0000000090000000, 0x0000000090100000|  0%| F|  |TAMS 0x0000000090000000, 0x0000000090000000| Untracked 
| 257|0x0000000090100000, 0x0000000090100000, 0x0000000090200000|  0%| F|  |TAMS 0x0000000090100000, 0x0000000090100000| Untracked 
| 258|0x0000000090200000, 0x0000000090200000, 0x0000000090300000|  0%| F|  |TAMS 0x0000000090200000, 0x0000000090200000| Untracked 
| 259|0x0000000090300000, 0x0000000090300000, 0x0000000090400000|  0%| F|  |TAMS 0x0000000090300000, 0x0000000090300000| Untracked 
| 260|0x0000000090400000, 0x0000000090400000, 0x0000000090500000|  0%| F|  |TAMS 0x0000000090400000, 0x0000000090400000| Untracked 
| 261|0x0000000090500000, 0x0000000090500000, 0x0000000090600000|  0%| F|  |TAMS 0x0000000090500000, 0x0000000090500000| Untracked 
| 262|0x0000000090600000, 0x0000000090600000, 0x0000000090700000|  0%| F|  |TAMS 0x0000000090600000, 0x0000000090600000| Untracked 
| 263|0x0000000090700000, 0x0000000090700000, 0x0000000090800000|  0%| F|  |TAMS 0x0000000090700000, 0x0000000090700000| Untracked 
| 264|0x0000000090800000, 0x0000000090800000, 0x0000000090900000|  0%| F|  |TAMS 0x0000000090800000, 0x0000000090800000| Untracked 
| 265|0x0000000090900000, 0x0000000090900000, 0x0000000090a00000|  0%| F|  |TAMS 0x0000000090900000, 0x0000000090900000| Untracked 
| 266|0x0000000090a00000, 0x0000000090a00000, 0x0000000090b00000|  0%| F|  |TAMS 0x0000000090a00000, 0x0000000090a00000| Untracked 
| 267|0x0000000090b00000, 0x0000000090b00000, 0x0000000090c00000|  0%| F|  |TAMS 0x0000000090b00000, 0x0000000090b00000| Untracked 
| 268|0x0000000090c00000, 0x0000000090c00000, 0x0000000090d00000|  0%| F|  |TAMS 0x0000000090c00000, 0x0000000090c00000| Untracked 
| 269|0x0000000090d00000, 0x0000000090d00000, 0x0000000090e00000|  0%| F|  |TAMS 0x0000000090d00000, 0x0000000090d00000| Untracked 
| 270|0x0000000090e00000, 0x0000000090e00000, 0x0000000090f00000|  0%| F|  |TAMS 0x0000000090e00000, 0x0000000090e00000| Untracked 
| 271|0x0000000090f00000, 0x0000000090f00000, 0x0000000091000000|  0%| F|  |TAMS 0x0000000090f00000, 0x0000000090f00000| Untracked 
| 272|0x0000000091000000, 0x0000000091000000, 0x0000000091100000|  0%| F|  |TAMS 0x0000000091000000, 0x0000000091000000| Untracked 
| 273|0x0000000091100000, 0x0000000091100000, 0x0000000091200000|  0%| F|  |TAMS 0x0000000091100000, 0x0000000091100000| Untracked 
| 274|0x0000000091200000, 0x0000000091200000, 0x0000000091300000|  0%| F|  |TAMS 0x0000000091200000, 0x0000000091200000| Untracked 
| 275|0x0000000091300000, 0x0000000091300000, 0x0000000091400000|  0%| F|  |TAMS 0x0000000091300000, 0x0000000091300000| Untracked 
| 276|0x0000000091400000, 0x0000000091400000, 0x0000000091500000|  0%| F|  |TAMS 0x0000000091400000, 0x0000000091400000| Untracked 
| 277|0x0000000091500000, 0x0000000091500000, 0x0000000091600000|  0%| F|  |TAMS 0x0000000091500000, 0x0000000091500000| Untracked 
| 278|0x0000000091600000, 0x0000000091600000, 0x0000000091700000|  0%| F|  |TAMS 0x0000000091600000, 0x0000000091600000| Untracked 
| 279|0x0000000091700000, 0x0000000091700000, 0x0000000091800000|  0%| F|  |TAMS 0x0000000091700000, 0x0000000091700000| Untracked 
| 280|0x0000000091800000, 0x0000000091800000, 0x0000000091900000|  0%| F|  |TAMS 0x0000000091800000, 0x0000000091800000| Untracked 
| 281|0x0000000091900000, 0x0000000091900000, 0x0000000091a00000|  0%| F|  |TAMS 0x0000000091900000, 0x0000000091900000| Untracked 
| 282|0x0000000091a00000, 0x0000000091a00000, 0x0000000091b00000|  0%| F|  |TAMS 0x0000000091a00000, 0x0000000091a00000| Untracked 
| 283|0x0000000091b00000, 0x0000000091b00000, 0x0000000091c00000|  0%| F|  |TAMS 0x0000000091b00000, 0x0000000091b00000| Untracked 
| 284|0x0000000091c00000, 0x0000000091c00000, 0x0000000091d00000|  0%| F|  |TAMS 0x0000000091c00000, 0x0000000091c00000| Untracked 
| 285|0x0000000091d00000, 0x0000000091d00000, 0x0000000091e00000|  0%| F|  |TAMS 0x0000000091d00000, 0x0000000091d00000| Untracked 
| 286|0x0000000091e00000, 0x0000000091f00000, 0x0000000091f00000|100%|HS|  |TAMS 0x0000000091f00000, 0x0000000091f00000| Complete 
| 287|0x0000000091f00000, 0x0000000092000000, 0x0000000092000000|100%|HC|  |TAMS 0x0000000092000000, 0x0000000092000000| Complete 
| 288|0x0000000092000000, 0x0000000092100000, 0x0000000092100000|100%|HC|  |TAMS 0x0000000092100000, 0x0000000092100000| Complete 
| 289|0x0000000092100000, 0x0000000092200000, 0x0000000092200000|100%|HC|  |TAMS 0x0000000092200000, 0x0000000092200000| Complete 
| 290|0x0000000092200000, 0x0000000092300000, 0x0000000092300000|100%|HC|  |TAMS 0x0000000092300000, 0x0000000092300000| Complete 
| 291|0x0000000092300000, 0x0000000092400000, 0x0000000092400000|100%|HC|  |TAMS 0x0000000092400000, 0x0000000092400000| Complete 
| 292|0x0000000092400000, 0x0000000092500000, 0x0000000092500000|100%|HS|  |TAMS 0x0000000092500000, 0x0000000092500000| Complete 
| 293|0x0000000092500000, 0x0000000092600000, 0x0000000092600000|100%|HC|  |TAMS 0x0000000092600000, 0x0000000092600000| Complete 
| 294|0x0000000092600000, 0x0000000092700000, 0x0000000092700000|100%|HC|  |TAMS 0x0000000092700000, 0x0000000092700000| Complete 
| 295|0x0000000092700000, 0x0000000092800000, 0x0000000092800000|100%|HC|  |TAMS 0x0000000092800000, 0x0000000092800000| Complete 
| 296|0x0000000092800000, 0x0000000092900000, 0x0000000092900000|100%|HC|  |TAMS 0x0000000092900000, 0x0000000092900000| Complete 
| 297|0x0000000092900000, 0x0000000092a00000, 0x0000000092a00000|100%|HC|  |TAMS 0x0000000092a00000, 0x0000000092a00000| Complete 
| 298|0x0000000092a00000, 0x0000000092a00000, 0x0000000092b00000|  0%| F|  |TAMS 0x0000000092a00000, 0x0000000092a00000| Untracked 
| 299|0x0000000092b00000, 0x0000000092b00000, 0x0000000092c00000|  0%| F|  |TAMS 0x0000000092b00000, 0x0000000092b00000| Untracked 
| 300|0x0000000092c00000, 0x0000000092c00000, 0x0000000092d00000|  0%| F|  |TAMS 0x0000000092c00000, 0x0000000092c00000| Untracked 
| 301|0x0000000092d00000, 0x0000000092d00000, 0x0000000092e00000|  0%| F|  |TAMS 0x0000000092d00000, 0x0000000092d00000| Untracked 
| 302|0x0000000092e00000, 0x0000000092e00000, 0x0000000092f00000|  0%| F|  |TAMS 0x0000000092e00000, 0x0000000092e00000| Untracked 
| 303|0x0000000092f00000, 0x0000000092f00000, 0x0000000093000000|  0%| F|  |TAMS 0x0000000092f00000, 0x0000000092f00000| Untracked 
| 304|0x0000000093000000, 0x0000000093000000, 0x0000000093100000|  0%| F|  |TAMS 0x0000000093000000, 0x0000000093000000| Untracked 
| 305|0x0000000093100000, 0x0000000093100000, 0x0000000093200000|  0%| F|  |TAMS 0x0000000093100000, 0x0000000093100000| Untracked 
| 306|0x0000000093200000, 0x0000000093200000, 0x0000000093300000|  0%| F|  |TAMS 0x0000000093200000, 0x0000000093200000| Untracked 
| 307|0x0000000093300000, 0x0000000093300000, 0x0000000093400000|  0%| F|  |TAMS 0x0000000093300000, 0x0000000093300000| Untracked 
| 308|0x0000000093400000, 0x0000000093400000, 0x0000000093500000|  0%| F|  |TAMS 0x0000000093400000, 0x0000000093400000| Untracked 
| 309|0x0000000093500000, 0x0000000093500000, 0x0000000093600000|  0%| F|  |TAMS 0x0000000093500000, 0x0000000093500000| Untracked 
| 310|0x0000000093600000, 0x0000000093600000, 0x0000000093700000|  0%| F|  |TAMS 0x0000000093600000, 0x0000000093600000| Untracked 
| 311|0x0000000093700000, 0x0000000093700000, 0x0000000093800000|  0%| F|  |TAMS 0x0000000093700000, 0x0000000093700000| Untracked 
| 312|0x0000000093800000, 0x0000000093800000, 0x0000000093900000|  0%| F|  |TAMS 0x0000000093800000, 0x0000000093800000| Untracked 
| 313|0x0000000093900000, 0x0000000093900000, 0x0000000093a00000|  0%| F|  |TAMS 0x0000000093900000, 0x0000000093900000| Untracked 
| 314|0x0000000093a00000, 0x0000000093a00000, 0x0000000093b00000|  0%| F|  |TAMS 0x0000000093a00000, 0x0000000093a00000| Untracked 
| 315|0x0000000093b00000, 0x0000000093b00000, 0x0000000093c00000|  0%| F|  |TAMS 0x0000000093b00000, 0x0000000093b00000| Untracked 
| 316|0x0000000093c00000, 0x0000000093c00000, 0x0000000093d00000|  0%| F|  |TAMS 0x0000000093c00000, 0x0000000093c00000| Untracked 
| 317|0x0000000093d00000, 0x0000000093d00000, 0x0000000093e00000|  0%| F|  |TAMS 0x0000000093d00000, 0x0000000093d00000| Untracked 
| 318|0x0000000093e00000, 0x0000000093e00000, 0x0000000093f00000|  0%| F|  |TAMS 0x0000000093e00000, 0x0000000093e00000| Untracked 
| 319|0x0000000093f00000, 0x0000000093f00000, 0x0000000094000000|  0%| F|  |TAMS 0x0000000093f00000, 0x0000000093f00000| Untracked 
| 320|0x0000000094000000, 0x0000000094000000, 0x0000000094100000|  0%| F|  |TAMS 0x0000000094000000, 0x0000000094000000| Untracked 
| 321|0x0000000094100000, 0x0000000094100000, 0x0000000094200000|  0%| F|  |TAMS 0x0000000094100000, 0x0000000094100000| Untracked 
| 322|0x0000000094200000, 0x0000000094200000, 0x0000000094300000|  0%| F|  |TAMS 0x0000000094200000, 0x0000000094200000| Untracked 
| 323|0x0000000094300000, 0x0000000094300000, 0x0000000094400000|  0%| F|  |TAMS 0x0000000094300000, 0x0000000094300000| Untracked 
| 324|0x0000000094400000, 0x0000000094400000, 0x0000000094500000|  0%| F|  |TAMS 0x0000000094400000, 0x0000000094400000| Untracked 
| 325|0x0000000094500000, 0x0000000094500000, 0x0000000094600000|  0%| F|  |TAMS 0x0000000094500000, 0x0000000094500000| Untracked 
| 326|0x0000000094600000, 0x0000000094600000, 0x0000000094700000|  0%| F|  |TAMS 0x0000000094600000, 0x0000000094600000| Untracked 
| 327|0x0000000094700000, 0x0000000094700000, 0x0000000094800000|  0%| F|  |TAMS 0x0000000094700000, 0x0000000094700000| Untracked 
| 328|0x0000000094800000, 0x0000000094800000, 0x0000000094900000|  0%| F|  |TAMS 0x0000000094800000, 0x0000000094800000| Untracked 
| 329|0x0000000094900000, 0x0000000094900000, 0x0000000094a00000|  0%| F|  |TAMS 0x0000000094900000, 0x0000000094900000| Untracked 
| 330|0x0000000094a00000, 0x0000000094a00000, 0x0000000094b00000|  0%| F|  |TAMS 0x0000000094a00000, 0x0000000094a00000| Untracked 
| 331|0x0000000094b00000, 0x0000000094b00000, 0x0000000094c00000|  0%| F|  |TAMS 0x0000000094b00000, 0x0000000094b00000| Untracked 
| 332|0x0000000094c00000, 0x0000000094c00000, 0x0000000094d00000|  0%| F|  |TAMS 0x0000000094c00000, 0x0000000094c00000| Untracked 
| 333|0x0000000094d00000, 0x0000000094d00000, 0x0000000094e00000|  0%| F|  |TAMS 0x0000000094d00000, 0x0000000094d00000| Untracked 
| 334|0x0000000094e00000, 0x0000000094e00000, 0x0000000094f00000|  0%| F|  |TAMS 0x0000000094e00000, 0x0000000094e00000| Untracked 
| 335|0x0000000094f00000, 0x0000000094f00000, 0x0000000095000000|  0%| F|  |TAMS 0x0000000094f00000, 0x0000000094f00000| Untracked 
| 336|0x0000000095000000, 0x0000000095000000, 0x0000000095100000|  0%| F|  |TAMS 0x0000000095000000, 0x0000000095000000| Untracked 
| 337|0x0000000095100000, 0x0000000095100000, 0x0000000095200000|  0%| F|  |TAMS 0x0000000095100000, 0x0000000095100000| Untracked 
| 338|0x0000000095200000, 0x0000000095200000, 0x0000000095300000|  0%| F|  |TAMS 0x0000000095200000, 0x0000000095200000| Untracked 
| 339|0x0000000095300000, 0x00000000953dab10, 0x0000000095400000| 85%| S|CS|TAMS 0x0000000095300000, 0x0000000095300000| Complete 
| 340|0x0000000095400000, 0x0000000095500000, 0x0000000095500000|100%| S|CS|TAMS 0x0000000095400000, 0x0000000095400000| Complete 
| 341|0x0000000095500000, 0x0000000095600000, 0x0000000095600000|100%| S|CS|TAMS 0x0000000095500000, 0x0000000095500000| Complete 
| 342|0x0000000095600000, 0x0000000095700000, 0x0000000095700000|100%| S|CS|TAMS 0x0000000095600000, 0x0000000095600000| Complete 
| 343|0x0000000095700000, 0x0000000095800000, 0x0000000095800000|100%| S|CS|TAMS 0x0000000095700000, 0x0000000095700000| Complete 
| 344|0x0000000095800000, 0x0000000095900000, 0x0000000095900000|100%| S|CS|TAMS 0x0000000095800000, 0x0000000095800000| Complete 
| 345|0x0000000095900000, 0x0000000095a00000, 0x0000000095a00000|100%| S|CS|TAMS 0x0000000095900000, 0x0000000095900000| Complete 
| 346|0x0000000095a00000, 0x0000000095b00000, 0x0000000095b00000|100%| S|CS|TAMS 0x0000000095a00000, 0x0000000095a00000| Complete 
| 347|0x0000000095b00000, 0x0000000095c00000, 0x0000000095c00000|100%| S|CS|TAMS 0x0000000095b00000, 0x0000000095b00000| Complete 
| 348|0x0000000095c00000, 0x0000000095d00000, 0x0000000095d00000|100%| S|CS|TAMS 0x0000000095c00000, 0x0000000095c00000| Complete 
| 349|0x0000000095d00000, 0x0000000095e00000, 0x0000000095e00000|100%| S|CS|TAMS 0x0000000095d00000, 0x0000000095d00000| Complete 
| 350|0x0000000095e00000, 0x0000000095f00000, 0x0000000095f00000|100%| S|CS|TAMS 0x0000000095e00000, 0x0000000095e00000| Complete 
| 351|0x0000000095f00000, 0x0000000096000000, 0x0000000096000000|100%| S|CS|TAMS 0x0000000095f00000, 0x0000000095f00000| Complete 
| 352|0x0000000096000000, 0x0000000096000000, 0x0000000096100000|  0%| F|  |TAMS 0x0000000096000000, 0x0000000096000000| Untracked 
| 353|0x0000000096100000, 0x0000000096100000, 0x0000000096200000|  0%| F|  |TAMS 0x0000000096100000, 0x0000000096100000| Untracked 
| 354|0x0000000096200000, 0x0000000096200000, 0x0000000096300000|  0%| F|  |TAMS 0x0000000096200000, 0x0000000096200000| Untracked 
| 355|0x0000000096300000, 0x0000000096300000, 0x0000000096400000|  0%| F|  |TAMS 0x0000000096300000, 0x0000000096300000| Untracked 
| 356|0x0000000096400000, 0x0000000096400000, 0x0000000096500000|  0%| F|  |TAMS 0x0000000096400000, 0x0000000096400000| Untracked 
| 357|0x0000000096500000, 0x0000000096500000, 0x0000000096600000|  0%| F|  |TAMS 0x0000000096500000, 0x0000000096500000| Untracked 
| 358|0x0000000096600000, 0x0000000096600000, 0x0000000096700000|  0%| F|  |TAMS 0x0000000096600000, 0x0000000096600000| Untracked 
| 359|0x0000000096700000, 0x0000000096700000, 0x0000000096800000|  0%| F|  |TAMS 0x0000000096700000, 0x0000000096700000| Untracked 
| 360|0x0000000096800000, 0x0000000096800000, 0x0000000096900000|  0%| F|  |TAMS 0x0000000096800000, 0x0000000096800000| Untracked 
| 361|0x0000000096900000, 0x0000000096900000, 0x0000000096a00000|  0%| F|  |TAMS 0x0000000096900000, 0x0000000096900000| Untracked 
| 362|0x0000000096a00000, 0x0000000096a00000, 0x0000000096b00000|  0%| F|  |TAMS 0x0000000096a00000, 0x0000000096a00000| Untracked 
| 363|0x0000000096b00000, 0x0000000096b00000, 0x0000000096c00000|  0%| F|  |TAMS 0x0000000096b00000, 0x0000000096b00000| Untracked 
| 364|0x0000000096c00000, 0x0000000096c00000, 0x0000000096d00000|  0%| F|  |TAMS 0x0000000096c00000, 0x0000000096c00000| Untracked 
| 365|0x0000000096d00000, 0x0000000096d00000, 0x0000000096e00000|  0%| F|  |TAMS 0x0000000096d00000, 0x0000000096d00000| Untracked 
| 366|0x0000000096e00000, 0x0000000096e00000, 0x0000000096f00000|  0%| F|  |TAMS 0x0000000096e00000, 0x0000000096e00000| Untracked 
| 367|0x0000000096f00000, 0x0000000096f00000, 0x0000000097000000|  0%| F|  |TAMS 0x0000000096f00000, 0x0000000096f00000| Untracked 
| 368|0x0000000097000000, 0x0000000097000000, 0x0000000097100000|  0%| F|  |TAMS 0x0000000097000000, 0x0000000097000000| Untracked 
| 369|0x0000000097100000, 0x0000000097100000, 0x0000000097200000|  0%| F|  |TAMS 0x0000000097100000, 0x0000000097100000| Untracked 
| 370|0x0000000097200000, 0x0000000097200000, 0x0000000097300000|  0%| F|  |TAMS 0x0000000097200000, 0x0000000097200000| Untracked 
| 371|0x0000000097300000, 0x0000000097300000, 0x0000000097400000|  0%| F|  |TAMS 0x0000000097300000, 0x0000000097300000| Untracked 
| 372|0x0000000097400000, 0x0000000097400000, 0x0000000097500000|  0%| F|  |TAMS 0x0000000097400000, 0x0000000097400000| Untracked 
| 373|0x0000000097500000, 0x0000000097500000, 0x0000000097600000|  0%| F|  |TAMS 0x0000000097500000, 0x0000000097500000| Untracked 
| 374|0x0000000097600000, 0x0000000097600000, 0x0000000097700000|  0%| F|  |TAMS 0x0000000097600000, 0x0000000097600000| Untracked 
| 375|0x0000000097700000, 0x0000000097700000, 0x0000000097800000|  0%| F|  |TAMS 0x0000000097700000, 0x0000000097700000| Untracked 
| 376|0x0000000097800000, 0x0000000097800000, 0x0000000097900000|  0%| F|  |TAMS 0x0000000097800000, 0x0000000097800000| Untracked 
| 377|0x0000000097900000, 0x0000000097900000, 0x0000000097a00000|  0%| F|  |TAMS 0x0000000097900000, 0x0000000097900000| Untracked 
| 378|0x0000000097a00000, 0x0000000097a00000, 0x0000000097b00000|  0%| F|  |TAMS 0x0000000097a00000, 0x0000000097a00000| Untracked 
| 379|0x0000000097b00000, 0x0000000097b00000, 0x0000000097c00000|  0%| F|  |TAMS 0x0000000097b00000, 0x0000000097b00000| Untracked 
| 380|0x0000000097c00000, 0x0000000097c00000, 0x0000000097d00000|  0%| F|  |TAMS 0x0000000097c00000, 0x0000000097c00000| Untracked 
| 381|0x0000000097d00000, 0x0000000097d00000, 0x0000000097e00000|  0%| F|  |TAMS 0x0000000097d00000, 0x0000000097d00000| Untracked 
| 382|0x0000000097e00000, 0x0000000097e00000, 0x0000000097f00000|  0%| F|  |TAMS 0x0000000097e00000, 0x0000000097e00000| Untracked 
| 383|0x0000000097f00000, 0x0000000097f00000, 0x0000000098000000|  0%| F|  |TAMS 0x0000000097f00000, 0x0000000097f00000| Untracked 
| 384|0x0000000098000000, 0x0000000098000000, 0x0000000098100000|  0%| F|  |TAMS 0x0000000098000000, 0x0000000098000000| Untracked 
| 385|0x0000000098100000, 0x0000000098100000, 0x0000000098200000|  0%| F|  |TAMS 0x0000000098100000, 0x0000000098100000| Untracked 
| 386|0x0000000098200000, 0x0000000098200000, 0x0000000098300000|  0%| F|  |TAMS 0x0000000098200000, 0x0000000098200000| Untracked 
| 387|0x0000000098300000, 0x0000000098300000, 0x0000000098400000|  0%| F|  |TAMS 0x0000000098300000, 0x0000000098300000| Untracked 
| 388|0x0000000098400000, 0x0000000098400000, 0x0000000098500000|  0%| F|  |TAMS 0x0000000098400000, 0x0000000098400000| Untracked 
| 389|0x0000000098500000, 0x0000000098500000, 0x0000000098600000|  0%| F|  |TAMS 0x0000000098500000, 0x0000000098500000| Untracked 
| 390|0x0000000098600000, 0x0000000098600000, 0x0000000098700000|  0%| F|  |TAMS 0x0000000098600000, 0x0000000098600000| Untracked 
| 391|0x0000000098700000, 0x0000000098700000, 0x0000000098800000|  0%| F|  |TAMS 0x0000000098700000, 0x0000000098700000| Untracked 
| 392|0x0000000098800000, 0x0000000098800000, 0x0000000098900000|  0%| F|  |TAMS 0x0000000098800000, 0x0000000098800000| Untracked 
| 393|0x0000000098900000, 0x0000000098900000, 0x0000000098a00000|  0%| F|  |TAMS 0x0000000098900000, 0x0000000098900000| Untracked 
| 394|0x0000000098a00000, 0x0000000098a00000, 0x0000000098b00000|  0%| F|  |TAMS 0x0000000098a00000, 0x0000000098a00000| Untracked 
| 395|0x0000000098b00000, 0x0000000098b00000, 0x0000000098c00000|  0%| F|  |TAMS 0x0000000098b00000, 0x0000000098b00000| Untracked 
| 396|0x0000000098c00000, 0x0000000098c00000, 0x0000000098d00000|  0%| F|  |TAMS 0x0000000098c00000, 0x0000000098c00000| Untracked 
| 397|0x0000000098d00000, 0x0000000098d00000, 0x0000000098e00000|  0%| F|  |TAMS 0x0000000098d00000, 0x0000000098d00000| Untracked 
| 398|0x0000000098e00000, 0x0000000098e00000, 0x0000000098f00000|  0%| F|  |TAMS 0x0000000098e00000, 0x0000000098e00000| Untracked 
| 399|0x0000000098f00000, 0x0000000098f00000, 0x0000000099000000|  0%| F|  |TAMS 0x0000000098f00000, 0x0000000098f00000| Untracked 
| 400|0x0000000099000000, 0x0000000099000000, 0x0000000099100000|  0%| F|  |TAMS 0x0000000099000000, 0x0000000099000000| Untracked 
| 401|0x0000000099100000, 0x0000000099100000, 0x0000000099200000|  0%| F|  |TAMS 0x0000000099100000, 0x0000000099100000| Untracked 
| 402|0x0000000099200000, 0x0000000099230e90, 0x0000000099300000| 19%| O|  |TAMS 0x0000000099230e90, 0x0000000099230e90| Untracked 
| 403|0x0000000099300000, 0x0000000099300000, 0x0000000099400000|  0%| F|  |TAMS 0x0000000099300000, 0x0000000099300000| Untracked 
| 404|0x0000000099400000, 0x0000000099400000, 0x0000000099500000|  0%| F|  |TAMS 0x0000000099400000, 0x0000000099400000| Untracked 
| 405|0x0000000099500000, 0x0000000099500000, 0x0000000099600000|  0%| F|  |TAMS 0x0000000099500000, 0x0000000099500000| Untracked 
| 406|0x0000000099600000, 0x0000000099600000, 0x0000000099700000|  0%| F|  |TAMS 0x0000000099600000, 0x0000000099600000| Untracked 
| 407|0x0000000099700000, 0x0000000099700000, 0x0000000099800000|  0%| F|  |TAMS 0x0000000099700000, 0x0000000099700000| Untracked 
| 408|0x0000000099800000, 0x0000000099800000, 0x0000000099900000|  0%| F|  |TAMS 0x0000000099800000, 0x0000000099800000| Untracked 
| 409|0x0000000099900000, 0x0000000099900000, 0x0000000099a00000|  0%| F|  |TAMS 0x0000000099900000, 0x0000000099900000| Untracked 
| 410|0x0000000099a00000, 0x0000000099a00000, 0x0000000099b00000|  0%| F|  |TAMS 0x0000000099a00000, 0x0000000099a00000| Untracked 
| 411|0x0000000099b00000, 0x0000000099b00000, 0x0000000099c00000|  0%| F|  |TAMS 0x0000000099b00000, 0x0000000099b00000| Untracked 
| 412|0x0000000099c00000, 0x0000000099c00000, 0x0000000099d00000|  0%| F|  |TAMS 0x0000000099c00000, 0x0000000099c00000| Untracked 
| 413|0x0000000099d00000, 0x0000000099d00000, 0x0000000099e00000|  0%| F|  |TAMS 0x0000000099d00000, 0x0000000099d00000| Untracked 
| 414|0x0000000099e00000, 0x0000000099e00000, 0x0000000099f00000|  0%| F|  |TAMS 0x0000000099e00000, 0x0000000099e00000| Untracked 
| 415|0x0000000099f00000, 0x0000000099f00000, 0x000000009a000000|  0%| F|  |TAMS 0x0000000099f00000, 0x0000000099f00000| Untracked 
| 416|0x000000009a000000, 0x000000009a000000, 0x000000009a100000|  0%| F|  |TAMS 0x000000009a000000, 0x000000009a000000| Untracked 
| 417|0x000000009a100000, 0x000000009a100000, 0x000000009a200000|  0%| F|  |TAMS 0x000000009a100000, 0x000000009a100000| Untracked 
| 418|0x000000009a200000, 0x000000009a200000, 0x000000009a300000|  0%| F|  |TAMS 0x000000009a200000, 0x000000009a200000| Untracked 
| 419|0x000000009a300000, 0x000000009a300000, 0x000000009a400000|  0%| F|  |TAMS 0x000000009a300000, 0x000000009a300000| Untracked 
| 420|0x000000009a400000, 0x000000009a400000, 0x000000009a500000|  0%| F|  |TAMS 0x000000009a400000, 0x000000009a400000| Untracked 
| 421|0x000000009a500000, 0x000000009a500000, 0x000000009a600000|  0%| F|  |TAMS 0x000000009a500000, 0x000000009a500000| Untracked 
| 422|0x000000009a600000, 0x000000009a600000, 0x000000009a700000|  0%| F|  |TAMS 0x000000009a600000, 0x000000009a600000| Untracked 
| 423|0x000000009a700000, 0x000000009a700000, 0x000000009a800000|  0%| F|  |TAMS 0x000000009a700000, 0x000000009a700000| Untracked 
| 424|0x000000009a800000, 0x000000009a800000, 0x000000009a900000|  0%| F|  |TAMS 0x000000009a800000, 0x000000009a800000| Untracked 
| 425|0x000000009a900000, 0x000000009a900000, 0x000000009aa00000|  0%| F|  |TAMS 0x000000009a900000, 0x000000009a900000| Untracked 
| 426|0x000000009aa00000, 0x000000009aa00000, 0x000000009ab00000|  0%| F|  |TAMS 0x000000009aa00000, 0x000000009aa00000| Untracked 
| 427|0x000000009ab00000, 0x000000009ab00000, 0x000000009ac00000|  0%| F|  |TAMS 0x000000009ab00000, 0x000000009ab00000| Untracked 
| 428|0x000000009ac00000, 0x000000009ac00000, 0x000000009ad00000|  0%| F|  |TAMS 0x000000009ac00000, 0x000000009ac00000| Untracked 
| 429|0x000000009ad00000, 0x000000009ad00000, 0x000000009ae00000|  0%| F|  |TAMS 0x000000009ad00000, 0x000000009ad00000| Untracked 
| 430|0x000000009ae00000, 0x000000009ae00000, 0x000000009af00000|  0%| F|  |TAMS 0x000000009ae00000, 0x000000009ae00000| Untracked 
| 431|0x000000009af00000, 0x000000009af00000, 0x000000009b000000|  0%| F|  |TAMS 0x000000009af00000, 0x000000009af00000| Untracked 
| 432|0x000000009b000000, 0x000000009b000000, 0x000000009b100000|  0%| F|  |TAMS 0x000000009b000000, 0x000000009b000000| Untracked 
| 433|0x000000009b100000, 0x000000009b100000, 0x000000009b200000|  0%| F|  |TAMS 0x000000009b100000, 0x000000009b100000| Untracked 
| 434|0x000000009b200000, 0x000000009b200000, 0x000000009b300000|  0%| F|  |TAMS 0x000000009b200000, 0x000000009b200000| Untracked 
| 435|0x000000009b300000, 0x000000009b300000, 0x000000009b400000|  0%| F|  |TAMS 0x000000009b300000, 0x000000009b300000| Untracked 
| 436|0x000000009b400000, 0x000000009b400000, 0x000000009b500000|  0%| F|  |TAMS 0x000000009b400000, 0x000000009b400000| Untracked 
| 437|0x000000009b500000, 0x000000009b500000, 0x000000009b600000|  0%| F|  |TAMS 0x000000009b500000, 0x000000009b500000| Untracked 
| 438|0x000000009b600000, 0x000000009b600000, 0x000000009b700000|  0%| F|  |TAMS 0x000000009b600000, 0x000000009b600000| Untracked 
| 439|0x000000009b700000, 0x000000009b700000, 0x000000009b800000|  0%| F|  |TAMS 0x000000009b700000, 0x000000009b700000| Untracked 
| 440|0x000000009b800000, 0x000000009b800000, 0x000000009b900000|  0%| F|  |TAMS 0x000000009b800000, 0x000000009b800000| Untracked 
| 441|0x000000009b900000, 0x000000009b900000, 0x000000009ba00000|  0%| F|  |TAMS 0x000000009b900000, 0x000000009b900000| Untracked 
| 442|0x000000009ba00000, 0x000000009ba00000, 0x000000009bb00000|  0%| F|  |TAMS 0x000000009ba00000, 0x000000009ba00000| Untracked 
| 443|0x000000009bb00000, 0x000000009bb00000, 0x000000009bc00000|  0%| F|  |TAMS 0x000000009bb00000, 0x000000009bb00000| Untracked 
| 444|0x000000009bc00000, 0x000000009bc00000, 0x000000009bd00000|  0%| F|  |TAMS 0x000000009bc00000, 0x000000009bc00000| Untracked 
| 445|0x000000009bd00000, 0x000000009bd00000, 0x000000009be00000|  0%| F|  |TAMS 0x000000009bd00000, 0x000000009bd00000| Untracked 
| 446|0x000000009be00000, 0x000000009be00000, 0x000000009bf00000|  0%| F|  |TAMS 0x000000009be00000, 0x000000009be00000| Untracked 
| 447|0x000000009bf00000, 0x000000009bf00000, 0x000000009c000000|  0%| F|  |TAMS 0x000000009bf00000, 0x000000009bf00000| Untracked 
| 448|0x000000009c000000, 0x000000009c000000, 0x000000009c100000|  0%| F|  |TAMS 0x000000009c000000, 0x000000009c000000| Untracked 
| 449|0x000000009c100000, 0x000000009c100000, 0x000000009c200000|  0%| F|  |TAMS 0x000000009c100000, 0x000000009c100000| Untracked 
| 450|0x000000009c200000, 0x000000009c200000, 0x000000009c300000|  0%| F|  |TAMS 0x000000009c200000, 0x000000009c200000| Untracked 
| 451|0x000000009c300000, 0x000000009c300000, 0x000000009c400000|  0%| F|  |TAMS 0x000000009c300000, 0x000000009c300000| Untracked 
| 452|0x000000009c400000, 0x000000009c400000, 0x000000009c500000|  0%| F|  |TAMS 0x000000009c400000, 0x000000009c400000| Untracked 
| 453|0x000000009c500000, 0x000000009c500000, 0x000000009c600000|  0%| F|  |TAMS 0x000000009c500000, 0x000000009c500000| Untracked 
| 454|0x000000009c600000, 0x000000009c600000, 0x000000009c700000|  0%| F|  |TAMS 0x000000009c600000, 0x000000009c600000| Untracked 
| 455|0x000000009c700000, 0x000000009c700000, 0x000000009c800000|  0%| F|  |TAMS 0x000000009c700000, 0x000000009c700000| Untracked 
| 456|0x000000009c800000, 0x000000009c800000, 0x000000009c900000|  0%| F|  |TAMS 0x000000009c800000, 0x000000009c800000| Untracked 
| 457|0x000000009c900000, 0x000000009c900000, 0x000000009ca00000|  0%| F|  |TAMS 0x000000009c900000, 0x000000009c900000| Untracked 
| 458|0x000000009ca00000, 0x000000009ca00000, 0x000000009cb00000|  0%| F|  |TAMS 0x000000009ca00000, 0x000000009ca00000| Untracked 
| 459|0x000000009cb00000, 0x000000009cb00000, 0x000000009cc00000|  0%| F|  |TAMS 0x000000009cb00000, 0x000000009cb00000| Untracked 
| 460|0x000000009cc00000, 0x000000009cc00000, 0x000000009cd00000|  0%| F|  |TAMS 0x000000009cc00000, 0x000000009cc00000| Untracked 
| 461|0x000000009cd00000, 0x000000009cd00000, 0x000000009ce00000|  0%| F|  |TAMS 0x000000009cd00000, 0x000000009cd00000| Untracked 
| 462|0x000000009ce00000, 0x000000009ce00000, 0x000000009cf00000|  0%| F|  |TAMS 0x000000009ce00000, 0x000000009ce00000| Untracked 
| 463|0x000000009cf00000, 0x000000009cf00000, 0x000000009d000000|  0%| F|  |TAMS 0x000000009cf00000, 0x000000009cf00000| Untracked 
| 464|0x000000009d000000, 0x000000009d000000, 0x000000009d100000|  0%| F|  |TAMS 0x000000009d000000, 0x000000009d000000| Untracked 
| 465|0x000000009d100000, 0x000000009d100000, 0x000000009d200000|  0%| F|  |TAMS 0x000000009d100000, 0x000000009d100000| Untracked 
| 466|0x000000009d200000, 0x000000009d200000, 0x000000009d300000|  0%| F|  |TAMS 0x000000009d200000, 0x000000009d200000| Untracked 
| 467|0x000000009d300000, 0x000000009d300000, 0x000000009d400000|  0%| F|  |TAMS 0x000000009d300000, 0x000000009d300000| Untracked 
| 468|0x000000009d400000, 0x000000009d400000, 0x000000009d500000|  0%| F|  |TAMS 0x000000009d400000, 0x000000009d400000| Untracked 
| 469|0x000000009d500000, 0x000000009d500000, 0x000000009d600000|  0%| F|  |TAMS 0x000000009d500000, 0x000000009d500000| Untracked 
| 470|0x000000009d600000, 0x000000009d600000, 0x000000009d700000|  0%| F|  |TAMS 0x000000009d600000, 0x000000009d600000| Untracked 
| 471|0x000000009d700000, 0x000000009d700000, 0x000000009d800000|  0%| F|  |TAMS 0x000000009d700000, 0x000000009d700000| Untracked 
| 472|0x000000009d800000, 0x000000009d800000, 0x000000009d900000|  0%| F|  |TAMS 0x000000009d800000, 0x000000009d800000| Untracked 
| 473|0x000000009d900000, 0x000000009d900000, 0x000000009da00000|  0%| F|  |TAMS 0x000000009d900000, 0x000000009d900000| Untracked 
| 474|0x000000009da00000, 0x000000009da00000, 0x000000009db00000|  0%| F|  |TAMS 0x000000009da00000, 0x000000009da00000| Untracked 
| 475|0x000000009db00000, 0x000000009db00000, 0x000000009dc00000|  0%| F|  |TAMS 0x000000009db00000, 0x000000009db00000| Untracked 
| 476|0x000000009dc00000, 0x000000009dc00000, 0x000000009dd00000|  0%| F|  |TAMS 0x000000009dc00000, 0x000000009dc00000| Untracked 
| 477|0x000000009dd00000, 0x000000009dd00000, 0x000000009de00000|  0%| F|  |TAMS 0x000000009dd00000, 0x000000009dd00000| Untracked 
| 478|0x000000009de00000, 0x000000009de00000, 0x000000009df00000|  0%| F|  |TAMS 0x000000009de00000, 0x000000009de00000| Untracked 
| 479|0x000000009df00000, 0x000000009df00000, 0x000000009e000000|  0%| F|  |TAMS 0x000000009df00000, 0x000000009df00000| Untracked 
| 480|0x000000009e000000, 0x000000009e000000, 0x000000009e100000|  0%| F|  |TAMS 0x000000009e000000, 0x000000009e000000| Untracked 
| 481|0x000000009e100000, 0x000000009e100000, 0x000000009e200000|  0%| F|  |TAMS 0x000000009e100000, 0x000000009e100000| Untracked 
| 482|0x000000009e200000, 0x000000009e200000, 0x000000009e300000|  0%| F|  |TAMS 0x000000009e200000, 0x000000009e200000| Untracked 
| 483|0x000000009e300000, 0x000000009e300000, 0x000000009e400000|  0%| F|  |TAMS 0x000000009e300000, 0x000000009e300000| Untracked 
| 484|0x000000009e400000, 0x000000009e400000, 0x000000009e500000|  0%| F|  |TAMS 0x000000009e400000, 0x000000009e400000| Untracked 
| 485|0x000000009e500000, 0x000000009e500000, 0x000000009e600000|  0%| F|  |TAMS 0x000000009e500000, 0x000000009e500000| Untracked 
| 486|0x000000009e600000, 0x000000009e600000, 0x000000009e700000|  0%| F|  |TAMS 0x000000009e600000, 0x000000009e600000| Untracked 
| 487|0x000000009e700000, 0x000000009e700000, 0x000000009e800000|  0%| F|  |TAMS 0x000000009e700000, 0x000000009e700000| Untracked 
| 488|0x000000009e800000, 0x000000009e800000, 0x000000009e900000|  0%| F|  |TAMS 0x000000009e800000, 0x000000009e800000| Untracked 
| 489|0x000000009e900000, 0x000000009e900000, 0x000000009ea00000|  0%| F|  |TAMS 0x000000009e900000, 0x000000009e900000| Untracked 
| 490|0x000000009ea00000, 0x000000009ea00000, 0x000000009eb00000|  0%| F|  |TAMS 0x000000009ea00000, 0x000000009ea00000| Untracked 
| 491|0x000000009eb00000, 0x000000009eb00000, 0x000000009ec00000|  0%| F|  |TAMS 0x000000009eb00000, 0x000000009eb00000| Untracked 
| 492|0x000000009ec00000, 0x000000009ec00000, 0x000000009ed00000|  0%| F|  |TAMS 0x000000009ec00000, 0x000000009ec00000| Untracked 
| 493|0x000000009ed00000, 0x000000009ed00000, 0x000000009ee00000|  0%| F|  |TAMS 0x000000009ed00000, 0x000000009ed00000| Untracked 
| 494|0x000000009ee00000, 0x000000009ee00000, 0x000000009ef00000|  0%| F|  |TAMS 0x000000009ee00000, 0x000000009ee00000| Untracked 
| 495|0x000000009ef00000, 0x000000009ef00000, 0x000000009f000000|  0%| F|  |TAMS 0x000000009ef00000, 0x000000009ef00000| Untracked 
| 496|0x000000009f000000, 0x000000009f000000, 0x000000009f100000|  0%| F|  |TAMS 0x000000009f000000, 0x000000009f000000| Untracked 
| 497|0x000000009f100000, 0x000000009f100000, 0x000000009f200000|  0%| F|  |TAMS 0x000000009f100000, 0x000000009f100000| Untracked 
| 498|0x000000009f200000, 0x000000009f200000, 0x000000009f300000|  0%| F|  |TAMS 0x000000009f200000, 0x000000009f200000| Untracked 
| 499|0x000000009f300000, 0x000000009f300000, 0x000000009f400000|  0%| F|  |TAMS 0x000000009f300000, 0x000000009f300000| Untracked 
| 500|0x000000009f400000, 0x000000009f400000, 0x000000009f500000|  0%| F|  |TAMS 0x000000009f400000, 0x000000009f400000| Untracked 
| 501|0x000000009f500000, 0x000000009f500000, 0x000000009f600000|  0%| F|  |TAMS 0x000000009f500000, 0x000000009f500000| Untracked 
| 502|0x000000009f600000, 0x000000009f600000, 0x000000009f700000|  0%| F|  |TAMS 0x000000009f600000, 0x000000009f600000| Untracked 
| 503|0x000000009f700000, 0x000000009f700000, 0x000000009f800000|  0%| F|  |TAMS 0x000000009f700000, 0x000000009f700000| Untracked 
| 504|0x000000009f800000, 0x000000009f800000, 0x000000009f900000|  0%| F|  |TAMS 0x000000009f800000, 0x000000009f800000| Untracked 
| 505|0x000000009f900000, 0x000000009f900000, 0x000000009fa00000|  0%| F|  |TAMS 0x000000009f900000, 0x000000009f900000| Untracked 
| 506|0x000000009fa00000, 0x000000009fa00000, 0x000000009fb00000|  0%| F|  |TAMS 0x000000009fa00000, 0x000000009fa00000| Untracked 
| 507|0x000000009fb00000, 0x000000009fb00000, 0x000000009fc00000|  0%| F|  |TAMS 0x000000009fb00000, 0x000000009fb00000| Untracked 
| 508|0x000000009fc00000, 0x000000009fc00000, 0x000000009fd00000|  0%| F|  |TAMS 0x000000009fc00000, 0x000000009fc00000| Untracked 
| 509|0x000000009fd00000, 0x000000009fd00000, 0x000000009fe00000|  0%| F|  |TAMS 0x000000009fd00000, 0x000000009fd00000| Untracked 
| 510|0x000000009fe00000, 0x000000009fe00000, 0x000000009ff00000|  0%| F|  |TAMS 0x000000009fe00000, 0x000000009fe00000| Untracked 
| 511|0x000000009ff00000, 0x000000009ff00000, 0x00000000a0000000|  0%| F|  |TAMS 0x000000009ff00000, 0x000000009ff00000| Untracked 
| 512|0x00000000a0000000, 0x00000000a0000000, 0x00000000a0100000|  0%| F|  |TAMS 0x00000000a0000000, 0x00000000a0000000| Untracked 
| 513|0x00000000a0100000, 0x00000000a0100000, 0x00000000a0200000|  0%| F|  |TAMS 0x00000000a0100000, 0x00000000a0100000| Untracked 
| 514|0x00000000a0200000, 0x00000000a0200000, 0x00000000a0300000|  0%| F|  |TAMS 0x00000000a0200000, 0x00000000a0200000| Untracked 
| 515|0x00000000a0300000, 0x00000000a0300000, 0x00000000a0400000|  0%| F|  |TAMS 0x00000000a0300000, 0x00000000a0300000| Untracked 
| 516|0x00000000a0400000, 0x00000000a0400000, 0x00000000a0500000|  0%| F|  |TAMS 0x00000000a0400000, 0x00000000a0400000| Untracked 
| 517|0x00000000a0500000, 0x00000000a0500000, 0x00000000a0600000|  0%| F|  |TAMS 0x00000000a0500000, 0x00000000a0500000| Untracked 
| 518|0x00000000a0600000, 0x00000000a0600000, 0x00000000a0700000|  0%| F|  |TAMS 0x00000000a0600000, 0x00000000a0600000| Untracked 
| 519|0x00000000a0700000, 0x00000000a0700000, 0x00000000a0800000|  0%| F|  |TAMS 0x00000000a0700000, 0x00000000a0700000| Untracked 
| 520|0x00000000a0800000, 0x00000000a0800000, 0x00000000a0900000|  0%| F|  |TAMS 0x00000000a0800000, 0x00000000a0800000| Untracked 
| 521|0x00000000a0900000, 0x00000000a0900000, 0x00000000a0a00000|  0%| F|  |TAMS 0x00000000a0900000, 0x00000000a0900000| Untracked 
| 522|0x00000000a0a00000, 0x00000000a0a00000, 0x00000000a0b00000|  0%| F|  |TAMS 0x00000000a0a00000, 0x00000000a0a00000| Untracked 
| 523|0x00000000a0b00000, 0x00000000a0b00000, 0x00000000a0c00000|  0%| F|  |TAMS 0x00000000a0b00000, 0x00000000a0b00000| Untracked 
| 524|0x00000000a0c00000, 0x00000000a0c00000, 0x00000000a0d00000|  0%| F|  |TAMS 0x00000000a0c00000, 0x00000000a0c00000| Untracked 
| 525|0x00000000a0d00000, 0x00000000a0d00000, 0x00000000a0e00000|  0%| F|  |TAMS 0x00000000a0d00000, 0x00000000a0d00000| Untracked 
| 526|0x00000000a0e00000, 0x00000000a0e00000, 0x00000000a0f00000|  0%| F|  |TAMS 0x00000000a0e00000, 0x00000000a0e00000| Untracked 
| 527|0x00000000a0f00000, 0x00000000a0f00000, 0x00000000a1000000|  0%| F|  |TAMS 0x00000000a0f00000, 0x00000000a0f00000| Untracked 
| 528|0x00000000a1000000, 0x00000000a1000000, 0x00000000a1100000|  0%| F|  |TAMS 0x00000000a1000000, 0x00000000a1000000| Untracked 
| 529|0x00000000a1100000, 0x00000000a1100000, 0x00000000a1200000|  0%| F|  |TAMS 0x00000000a1100000, 0x00000000a1100000| Untracked 
| 530|0x00000000a1200000, 0x00000000a1200000, 0x00000000a1300000|  0%| F|  |TAMS 0x00000000a1200000, 0x00000000a1200000| Untracked 
| 531|0x00000000a1300000, 0x00000000a1300000, 0x00000000a1400000|  0%| F|  |TAMS 0x00000000a1300000, 0x00000000a1300000| Untracked 
| 532|0x00000000a1400000, 0x00000000a1400000, 0x00000000a1500000|  0%| F|  |TAMS 0x00000000a1400000, 0x00000000a1400000| Untracked 
| 533|0x00000000a1500000, 0x00000000a1500000, 0x00000000a1600000|  0%| F|  |TAMS 0x00000000a1500000, 0x00000000a1500000| Untracked 
| 534|0x00000000a1600000, 0x00000000a1600000, 0x00000000a1700000|  0%| F|  |TAMS 0x00000000a1600000, 0x00000000a1600000| Untracked 
| 535|0x00000000a1700000, 0x00000000a1700000, 0x00000000a1800000|  0%| F|  |TAMS 0x00000000a1700000, 0x00000000a1700000| Untracked 
| 536|0x00000000a1800000, 0x00000000a1800000, 0x00000000a1900000|  0%| F|  |TAMS 0x00000000a1800000, 0x00000000a1800000| Untracked 
| 537|0x00000000a1900000, 0x00000000a1900000, 0x00000000a1a00000|  0%| F|  |TAMS 0x00000000a1900000, 0x00000000a1900000| Untracked 
| 538|0x00000000a1a00000, 0x00000000a1a00000, 0x00000000a1b00000|  0%| F|  |TAMS 0x00000000a1a00000, 0x00000000a1a00000| Untracked 
| 539|0x00000000a1b00000, 0x00000000a1b00000, 0x00000000a1c00000|  0%| F|  |TAMS 0x00000000a1b00000, 0x00000000a1b00000| Untracked 
| 540|0x00000000a1c00000, 0x00000000a1c00000, 0x00000000a1d00000|  0%| F|  |TAMS 0x00000000a1c00000, 0x00000000a1c00000| Untracked 
| 541|0x00000000a1d00000, 0x00000000a1d00000, 0x00000000a1e00000|  0%| F|  |TAMS 0x00000000a1d00000, 0x00000000a1d00000| Untracked 
| 542|0x00000000a1e00000, 0x00000000a1e00000, 0x00000000a1f00000|  0%| F|  |TAMS 0x00000000a1e00000, 0x00000000a1e00000| Untracked 
| 543|0x00000000a1f00000, 0x00000000a1f00000, 0x00000000a2000000|  0%| F|  |TAMS 0x00000000a1f00000, 0x00000000a1f00000| Untracked 
| 544|0x00000000a2000000, 0x00000000a2000000, 0x00000000a2100000|  0%| F|  |TAMS 0x00000000a2000000, 0x00000000a2000000| Untracked 
| 545|0x00000000a2100000, 0x00000000a2100000, 0x00000000a2200000|  0%| F|  |TAMS 0x00000000a2100000, 0x00000000a2100000| Untracked 
| 546|0x00000000a2200000, 0x00000000a2200000, 0x00000000a2300000|  0%| F|  |TAMS 0x00000000a2200000, 0x00000000a2200000| Untracked 
| 547|0x00000000a2300000, 0x00000000a2300000, 0x00000000a2400000|  0%| F|  |TAMS 0x00000000a2300000, 0x00000000a2300000| Untracked 
| 548|0x00000000a2400000, 0x00000000a2400000, 0x00000000a2500000|  0%| F|  |TAMS 0x00000000a2400000, 0x00000000a2400000| Untracked 
| 549|0x00000000a2500000, 0x00000000a2500000, 0x00000000a2600000|  0%| F|  |TAMS 0x00000000a2500000, 0x00000000a2500000| Untracked 
| 550|0x00000000a2600000, 0x00000000a2600000, 0x00000000a2700000|  0%| F|  |TAMS 0x00000000a2600000, 0x00000000a2600000| Untracked 
| 551|0x00000000a2700000, 0x00000000a2700000, 0x00000000a2800000|  0%| F|  |TAMS 0x00000000a2700000, 0x00000000a2700000| Untracked 
| 552|0x00000000a2800000, 0x00000000a2800000, 0x00000000a2900000|  0%| F|  |TAMS 0x00000000a2800000, 0x00000000a2800000| Untracked 
| 553|0x00000000a2900000, 0x00000000a2900000, 0x00000000a2a00000|  0%| F|  |TAMS 0x00000000a2900000, 0x00000000a2900000| Untracked 
| 554|0x00000000a2a00000, 0x00000000a2a00000, 0x00000000a2b00000|  0%| F|  |TAMS 0x00000000a2a00000, 0x00000000a2a00000| Untracked 
| 555|0x00000000a2b00000, 0x00000000a2b00000, 0x00000000a2c00000|  0%| F|  |TAMS 0x00000000a2b00000, 0x00000000a2b00000| Untracked 
| 556|0x00000000a2c00000, 0x00000000a2c00000, 0x00000000a2d00000|  0%| F|  |TAMS 0x00000000a2c00000, 0x00000000a2c00000| Untracked 
| 557|0x00000000a2d00000, 0x00000000a2d00000, 0x00000000a2e00000|  0%| F|  |TAMS 0x00000000a2d00000, 0x00000000a2d00000| Untracked 
| 558|0x00000000a2e00000, 0x00000000a2e00000, 0x00000000a2f00000|  0%| F|  |TAMS 0x00000000a2e00000, 0x00000000a2e00000| Untracked 
| 559|0x00000000a2f00000, 0x00000000a2f00000, 0x00000000a3000000|  0%| F|  |TAMS 0x00000000a2f00000, 0x00000000a2f00000| Untracked 
| 560|0x00000000a3000000, 0x00000000a3000000, 0x00000000a3100000|  0%| F|  |TAMS 0x00000000a3000000, 0x00000000a3000000| Untracked 
| 561|0x00000000a3100000, 0x00000000a3100000, 0x00000000a3200000|  0%| F|  |TAMS 0x00000000a3100000, 0x00000000a3100000| Untracked 
| 562|0x00000000a3200000, 0x00000000a3200000, 0x00000000a3300000|  0%| F|  |TAMS 0x00000000a3200000, 0x00000000a3200000| Untracked 
| 563|0x00000000a3300000, 0x00000000a3300000, 0x00000000a3400000|  0%| F|  |TAMS 0x00000000a3300000, 0x00000000a3300000| Untracked 
| 564|0x00000000a3400000, 0x00000000a3400000, 0x00000000a3500000|  0%| F|  |TAMS 0x00000000a3400000, 0x00000000a3400000| Untracked 
| 565|0x00000000a3500000, 0x00000000a3500000, 0x00000000a3600000|  0%| F|  |TAMS 0x00000000a3500000, 0x00000000a3500000| Untracked 
| 566|0x00000000a3600000, 0x00000000a3600000, 0x00000000a3700000|  0%| F|  |TAMS 0x00000000a3600000, 0x00000000a3600000| Untracked 
| 567|0x00000000a3700000, 0x00000000a3700000, 0x00000000a3800000|  0%| F|  |TAMS 0x00000000a3700000, 0x00000000a3700000| Untracked 
| 568|0x00000000a3800000, 0x00000000a3800000, 0x00000000a3900000|  0%| F|  |TAMS 0x00000000a3800000, 0x00000000a3800000| Untracked 
| 569|0x00000000a3900000, 0x00000000a3900000, 0x00000000a3a00000|  0%| F|  |TAMS 0x00000000a3900000, 0x00000000a3900000| Untracked 
| 570|0x00000000a3a00000, 0x00000000a3a00000, 0x00000000a3b00000|  0%| F|  |TAMS 0x00000000a3a00000, 0x00000000a3a00000| Untracked 
| 571|0x00000000a3b00000, 0x00000000a3b00000, 0x00000000a3c00000|  0%| F|  |TAMS 0x00000000a3b00000, 0x00000000a3b00000| Untracked 
| 572|0x00000000a3c00000, 0x00000000a3c00000, 0x00000000a3d00000|  0%| F|  |TAMS 0x00000000a3c00000, 0x00000000a3c00000| Untracked 
| 573|0x00000000a3d00000, 0x00000000a3d00000, 0x00000000a3e00000|  0%| F|  |TAMS 0x00000000a3d00000, 0x00000000a3d00000| Untracked 
| 574|0x00000000a3e00000, 0x00000000a3e00000, 0x00000000a3f00000|  0%| F|  |TAMS 0x00000000a3e00000, 0x00000000a3e00000| Untracked 
| 575|0x00000000a3f00000, 0x00000000a3f00000, 0x00000000a4000000|  0%| F|  |TAMS 0x00000000a3f00000, 0x00000000a3f00000| Untracked 
| 576|0x00000000a4000000, 0x00000000a4000000, 0x00000000a4100000|  0%| F|  |TAMS 0x00000000a4000000, 0x00000000a4000000| Untracked 

Card table byte_map: [0x0000025d72740000,0x0000025d72b40000] _byte_map_base: 0x0000025d72340000

Marking Bits (Prev, Next): (CMBitMap*) 0x0000025d5a79eba0, (CMBitMap*) 0x0000025d5a79ebe0
 Prev Bits: [0x0000025d72f40000, 0x0000025d74f40000)
 Next Bits: [0x0000025d74f40000, 0x0000025d76f40000)

Polling page: 0x0000025d58620000

Metaspace:

Usage:
  Non-class:    163.78 MB used.
      Class:     24.67 MB used.
       Both:    188.45 MB used.

Virtual space:
  Non-class space:      192.00 MB reserved,     165.88 MB ( 86%) committed,  3 nodes.
      Class space:        1.00 GB reserved,      26.06 MB (  3%) committed,  1 nodes.
             Both:        1.19 GB reserved,     191.94 MB ( 16%) committed. 

Chunk freelists:
   Non-Class:  11.04 MB
       Class:  6.13 MB
        Both:  17.17 MB

MaxMetaspaceSize: unlimited
CompressedClassSpaceSize: 1.00 GB
Initial GC threshold: 21.00 MB
Current GC threshold: 320.25 MB
CDS: on
MetaspaceReclaimPolicy: balanced
 - commit_granule_bytes: 65536.
 - commit_granule_words: 8192.
 - virtual_space_node_default_size: 8388608.
 - enlarge_chunks_in_place: 1.
 - new_chunks_are_fully_committed: 0.
 - uncommit_free_chunks: 1.
 - use_allocation_guard: 0.
 - handle_deallocations: 1.


Internal statistics:

num_allocs_failed_limit: 9.
num_arena_births: 6910.
num_arena_deaths: 3062.
num_vsnodes_births: 4.
num_vsnodes_deaths: 0.
num_space_committed: 3098.
num_space_uncommitted: 28.
num_chunks_returned_to_freelist: 4536.
num_chunks_taken_from_freelist: 17157.
num_chunk_merges: 1628.
num_chunk_splits: 9591.
num_chunks_enlarged: 4703.
num_inconsistent_stats: 0.

CodeHeap 'non-profiled nmethods': size=118848Kb used=58931Kb max_used=58931Kb free=59916Kb
 bounds [0x0000025d69bf0000, 0x0000025d6d580000, 0x0000025d71000000]
CodeHeap 'profiled nmethods': size=118848Kb used=73902Kb max_used=73902Kb free=44945Kb
 bounds [0x0000025d62000000, 0x0000025d66840000, 0x0000025d69410000]
CodeHeap 'non-nmethods': size=8064Kb used=4885Kb max_used=5012Kb free=3178Kb
 bounds [0x0000025d69410000, 0x0000025d69900000, 0x0000025d69bf0000]
 total_blobs=42917 nmethods=41738 adapters=1085
 compilation: enabled
              stopped_count=0, restarted_count=0
 full_count=0

Compilation events (20 events):
Event: 25189.491 Thread 0x0000025d491b6aa0 nmethod 58958 0x0000025d66827c90 code [0x0000025d66827e20, 0x0000025d66827fd8]
Event: 25189.491 Thread 0x0000025d491b6000 58959       3       com.android.tools.r8.D8::a (93 bytes)
Event: 25189.492 Thread 0x0000025d491b6550 nmethod 58955 0x0000025d66828090 code [0x0000025d66828a80, 0x0000025d66830528]
Event: 25189.493 Thread 0x0000025d491b6000 nmethod 58959 0x0000025d66833410 code [0x0000025d66833860, 0x0000025d66835c08]
Event: 25189.511 Thread 0x0000025d7ac2e7f0 58960 % !   4       java.lang.ref.Reference::processPendingReferences @ 27 (118 bytes)
Event: 25189.526 Thread 0x0000025d491b6550 58962       3       com.android.tools.r8.internal.z8::a (22 bytes)
Event: 25189.526 Thread 0x0000025d491b6aa0 58963       3       com.android.tools.r8.internal.z8::a (33 bytes)
Event: 25189.526 Thread 0x0000025d491b6000 58964       3       com.android.tools.r8.internal.No::c (73 bytes)
Event: 25189.527 Thread 0x0000025d491b6550 nmethod 58962 0x0000025d66836890 code [0x0000025d66836a60, 0x0000025d66836e18]
Event: 25189.527 Thread 0x0000025d491b6aa0 nmethod 58963 0x0000025d66837010 code [0x0000025d668371e0, 0x0000025d668373c8]
Event: 25189.527 Thread 0x0000025d491b6000 nmethod 58964 0x0000025d66837590 code [0x0000025d668377a0, 0x0000025d66837d68]
Event: 25189.528 Thread 0x0000025d491b6550 58965       3       com.android.tools.r8.graph.U0::b (78 bytes)
Event: 25189.528 Thread 0x0000025d7ac371c0 58966       3       com.android.tools.r8.graph.a::a (205 bytes)
Event: 25189.529 Thread 0x0000025d491b6550 nmethod 58965 0x0000025d66838090 code [0x0000025d66838240, 0x0000025d668385f8]
Event: 25189.530 Thread 0x0000025d7ac371c0 nmethod 58966 0x0000025d66838690 code [0x0000025d66838a80, 0x0000025d6683b2f8]
Event: 25189.533 Thread 0x0000025d7ac2e7f0 nmethod 58960% 0x0000025d6d57aa10 code [0x0000025d6d57ac40, 0x0000025d6d57bf00]
Event: 25189.534 Thread 0x0000025d7ac2e7f0 58961       4       com.android.tools.r8.internal.z8::u (2 bytes)
Event: 25189.534 Thread 0x0000025d7ac2e7f0 nmethod 58961 0x0000025d6d57c410 code [0x0000025d6d57c580, 0x0000025d6d57c5f8]
Event: 25189.543 Thread 0x0000025d7ac2e7f0 58967       4       java.util.IdentityHashMap::<init> (44 bytes)
Event: 25189.545 Thread 0x0000025d7ac2e7f0 nmethod 58967 0x0000025d6d57c710 code [0x0000025d6d57c8a0, 0x0000025d6d57cb38]

GC Heap History (20 events):
Event: 16834.014 GC heap after
{Heap after GC invocations=360 (full 2):
 garbage-first heap   total 1266688K, used 330285K [0x0000000080000000, 0x0000000100000000)
  region size 1024K, 62 young (63488K), 62 survivors (63488K)
 Metaspace       used 194126K, committed 196736K, reserved 1245184K
  class space    used 25494K, committed 26752K, reserved 1048576K
}
Event: 16834.015 GC heap before
{Heap before GC invocations=360 (full 2):
 garbage-first heap   total 1266688K, used 332333K [0x0000000080000000, 0x0000000100000000)
  region size 1024K, 65 young (66560K), 62 survivors (63488K)
 Metaspace       used 194126K, committed 196736K, reserved 1245184K
  class space    used 25494K, committed 26752K, reserved 1048576K
}
Event: 16834.024 GC heap after
{Heap after GC invocations=361 (full 2):
 garbage-first heap   total 1266688K, used 305696K [0x0000000080000000, 0x0000000100000000)
  region size 1024K, 6 young (6144K), 6 survivors (6144K)
 Metaspace       used 194126K, committed 196736K, reserved 1245184K
  class space    used 25494K, committed 26752K, reserved 1048576K
}
Event: 16834.212 GC heap before
{Heap before GC invocations=361 (full 2):
 garbage-first heap   total 1266688K, used 785952K [0x0000000080000000, 0x0000000100000000)
  region size 1024K, 477 young (488448K), 6 survivors (6144K)
 Metaspace       used 194126K, committed 196736K, reserved 1245184K
  class space    used 25494K, committed 26752K, reserved 1048576K
}
Event: 16834.215 GC heap after
{Heap after GC invocations=362 (full 2):
 garbage-first heap   total 1266688K, used 306343K [0x0000000080000000, 0x0000000100000000)
  region size 1024K, 7 young (7168K), 7 survivors (7168K)
 Metaspace       used 194126K, committed 196736K, reserved 1245184K
  class space    used 25494K, committed 26752K, reserved 1048576K
}
Event: 17192.266 GC heap before
{Heap before GC invocations=363 (full 2):
 garbage-first heap   total 1075200K, used 1001639K [0x0000000080000000, 0x0000000100000000)
  region size 1024K, 545 young (558080K), 7 survivors (7168K)
 Metaspace       used 194111K, committed 196736K, reserved 1245184K
  class space    used 25481K, committed 26752K, reserved 1048576K
}
Event: 17192.279 GC heap after
{Heap after GC invocations=364 (full 2):
 garbage-first heap   total 1075200K, used 357253K [0x0000000080000000, 0x0000000100000000)
  region size 1024K, 58 young (59392K), 58 survivors (59392K)
 Metaspace       used 194111K, committed 196736K, reserved 1245184K
  class space    used 25481K, committed 26752K, reserved 1048576K
}
Event: 17192.280 GC heap before
{Heap before GC invocations=364 (full 2):
 garbage-first heap   total 1075200K, used 360325K [0x0000000080000000, 0x0000000100000000)
  region size 1024K, 61 young (62464K), 58 survivors (59392K)
 Metaspace       used 194111K, committed 196736K, reserved 1245184K
  class space    used 25481K, committed 26752K, reserved 1048576K
}
Event: 17192.290 GC heap after
{Heap after GC invocations=365 (full 2):
 garbage-first heap   total 1075200K, used 328673K [0x0000000080000000, 0x0000000100000000)
  region size 1024K, 8 young (8192K), 8 survivors (8192K)
 Metaspace       used 194111K, committed 196736K, reserved 1245184K
  class space    used 25481K, committed 26752K, reserved 1048576K
}
Event: 17192.439 GC heap before
{Heap before GC invocations=365 (full 2):
 garbage-first heap   total 1075200K, used 832481K [0x0000000080000000, 0x0000000100000000)
  region size 1024K, 501 young (513024K), 8 survivors (8192K)
 Metaspace       used 194111K, committed 196736K, reserved 1245184K
  class space    used 25481K, committed 26752K, reserved 1048576K
}
Event: 17192.443 GC heap after
{Heap after GC invocations=366 (full 2):
 garbage-first heap   total 1075200K, used 329415K [0x0000000080000000, 0x0000000100000000)
  region size 1024K, 9 young (9216K), 9 survivors (9216K)
 Metaspace       used 194111K, committed 196736K, reserved 1245184K
  class space    used 25481K, committed 26752K, reserved 1048576K
}
Event: 20792.550 GC heap before
{Heap before GC invocations=367 (full 2):
 garbage-first heap   total 1075200K, used 752327K [0x0000000080000000, 0x0000000100000000)
  region size 1024K, 284 young (290816K), 9 survivors (9216K)
 Metaspace       used 193892K, committed 196736K, reserved 1245184K
  class space    used 25437K, committed 26752K, reserved 1048576K
}
Event: 20792.690 GC heap after
{Heap after GC invocations=368 (full 3):
 garbage-first heap   total 590848K, used 162266K [0x0000000080000000, 0x0000000100000000)
  region size 1024K, 0 young (0K), 0 survivors (0K)
 Metaspace       used 193731K, committed 196736K, reserved 1245184K
  class space    used 25404K, committed 26752K, reserved 1048576K
}
Event: 25189.246 GC heap before
{Heap before GC invocations=368 (full 3):
 garbage-first heap   total 590848K, used 448986K [0x0000000080000000, 0x0000000100000000)
  region size 1024K, 281 young (287744K), 0 survivors (0K)
 Metaspace       used 194039K, committed 196736K, reserved 1245184K
  class space    used 25460K, committed 26752K, reserved 1048576K
}
Event: 25189.251 GC heap after
{Heap after GC invocations=369 (full 3):
 garbage-first heap   total 590848K, used 178394K [0x0000000080000000, 0x0000000100000000)
  region size 1024K, 16 young (16384K), 16 survivors (16384K)
 Metaspace       used 194039K, committed 196736K, reserved 1245184K
  class space    used 25460K, committed 26752K, reserved 1048576K
}
Event: 25189.499 GC heap before
{Heap before GC invocations=370 (full 3):
 garbage-first heap   total 590848K, used 453850K [0x0000000080000000, 0x0000000100000000)
  region size 1024K, 286 young (292864K), 16 survivors (16384K)
 Metaspace       used 192968K, committed 196544K, reserved 1245184K
  class space    used 25259K, committed 26688K, reserved 1048576K
}
Event: 25189.511 GC heap after
{Heap after GC invocations=371 (full 3):
 garbage-first heap   total 590848K, used 218045K [0x0000000080000000, 0x0000000100000000)
  region size 1024K, 36 young (36864K), 36 survivors (36864K)
 Metaspace       used 192968K, committed 196544K, reserved 1245184K
  class space    used 25259K, committed 26688K, reserved 1048576K
}
Event: 25189.512 GC heap before
{Heap before GC invocations=371 (full 3):
 garbage-first heap   total 590848K, used 221117K [0x0000000080000000, 0x0000000100000000)
  region size 1024K, 39 young (39936K), 36 survivors (36864K)
 Metaspace       used 192968K, committed 196544K, reserved 1245184K
  class space    used 25259K, committed 26688K, reserved 1048576K
}
Event: 25189.518 GC heap after
{Heap after GC invocations=372 (full 3):
 garbage-first heap   total 590848K, used 224465K [0x0000000080000000, 0x0000000100000000)
  region size 1024K, 5 young (5120K), 5 survivors (5120K)
 Metaspace       used 192968K, committed 196544K, reserved 1245184K
  class space    used 25259K, committed 26688K, reserved 1048576K
}
Event: 25189.547 GC heap before
{Heap before GC invocations=372 (full 3):
 garbage-first heap   total 590848K, used 447697K [0x0000000080000000, 0x0000000100000000)
  region size 1024K, 224 young (229376K), 5 survivors (5120K)
 Metaspace       used 192968K, committed 196544K, reserved 1245184K
  class space    used 25259K, committed 26688K, reserved 1048576K
}

Deoptimization events (20 events):
Event: 17194.029 Thread 0x0000025d8df80fb0 Uncommon trap: trap_request=0xffffffde fr.pc=0x0000025d6a0c5e58 relative=0x0000000000000998
Event: 17194.029 Thread 0x0000025d4953cb50 Uncommon trap: trap_request=0xffffffde fr.pc=0x0000025d6a0c5e58 relative=0x0000000000000998
Event: 17194.029 Thread 0x0000025d8df80fb0 Uncommon trap: reason=class_check action=maybe_recompile pc=0x0000025d6a0c5e58 method=java.util.concurrent.ConcurrentHashMap.replaceNode(Ljava/lang/Object;Ljava/lang/Object;Ljava/lang/Object;)Ljava/lang/Object; @ 147 c2
Event: 17194.029 Thread 0x0000025d4953cb50 Uncommon trap: reason=class_check action=maybe_recompile pc=0x0000025d6a0c5e58 method=java.util.concurrent.ConcurrentHashMap.replaceNode(Ljava/lang/Object;Ljava/lang/Object;Ljava/lang/Object;)Ljava/lang/Object; @ 147 c2
Event: 17194.030 Thread 0x0000025d8df80fb0 DEOPT PACKING pc=0x0000025d6a0c5e58 sp=0x00000078e69fe330
Event: 17194.030 Thread 0x0000025d4953cb50 DEOPT PACKING pc=0x0000025d6a0c5e58 sp=0x00000078ddaf9fc0
Event: 17194.030 Thread 0x0000025d8df80fb0 DEOPT UNPACKING pc=0x0000025d694623a3 sp=0x00000078e69fe2b8 mode 2
Event: 17194.030 Thread 0x0000025d4953cb50 DEOPT UNPACKING pc=0x0000025d694623a3 sp=0x00000078ddaf9f48 mode 2
Event: 17194.030 Thread 0x0000025d8df80fb0 Uncommon trap: trap_request=0xffffff45 fr.pc=0x0000025d6c58f834 relative=0x0000000000000214
Event: 17194.030 Thread 0x0000025d8df80fb0 Uncommon trap: reason=unstable_if action=reinterpret pc=0x0000025d6c58f834 method=java.lang.Class.newReflectionData(Ljava/lang/ref/SoftReference;I)Ljava/lang/Class$ReflectionData; @ 22 c2
Event: 17194.030 Thread 0x0000025d8df80fb0 DEOPT PACKING pc=0x0000025d6c58f834 sp=0x00000078e69fdaa0
Event: 17194.030 Thread 0x0000025d8df80fb0 DEOPT UNPACKING pc=0x0000025d694623a3 sp=0x00000078e69fd9d8 mode 2
Event: 25188.246 Thread 0x0000025d46b1ad10 DEOPT PACKING pc=0x0000025d620154c8 sp=0x00000078cd9f9e00
Event: 25188.246 Thread 0x0000025d46b1ad10 DEOPT UNPACKING pc=0x0000025d69462b43 sp=0x00000078cd9f92b0 mode 0
Event: 25188.256 Thread 0x0000025d46b1ad10 DEOPT PACKING pc=0x0000025d64ea0678 sp=0x00000078cd9f9a20
Event: 25188.256 Thread 0x0000025d46b1ad10 DEOPT UNPACKING pc=0x0000025d69462b43 sp=0x00000078cd9f8f00 mode 0
Event: 25188.330 Thread 0x0000025d49526e00 Uncommon trap: trap_request=0xffffff45 fr.pc=0x0000025d6be2d7d8 relative=0x0000000000001218
Event: 25188.330 Thread 0x0000025d49526e00 Uncommon trap: reason=unstable_if action=reinterpret pc=0x0000025d6be2d7d8 method=java.util.concurrent.ConcurrentHashMap.putVal(Ljava/lang/Object;Ljava/lang/Object;Z)Ljava/lang/Object; @ 197 c2
Event: 25188.330 Thread 0x0000025d49526e00 DEOPT PACKING pc=0x0000025d6be2d7d8 sp=0x00000078de6febe0
Event: 25188.330 Thread 0x0000025d49526e00 DEOPT UNPACKING pc=0x0000025d694623a3 sp=0x00000078de6feb60 mode 2

Classes unloaded (20 events):
Event: 25189.284 Thread 0x0000025d7ac08830 Unloading class 0x0000025d02300c00 'jdk/internal/reflect/GeneratedSerializationConstructorAccessor94'
Event: 25189.284 Thread 0x0000025d7ac08830 Unloading class 0x0000025d02300800 'jdk/internal/reflect/GeneratedSerializationConstructorAccessor93'
Event: 25189.284 Thread 0x0000025d7ac08830 Unloading class 0x0000025d02300000 'jdk/internal/reflect/GeneratedSerializationConstructorAccessor91'
Event: 25189.284 Thread 0x0000025d7ac08830 Unloading class 0x0000025d022c6c00 'jdk/internal/reflect/GeneratedSerializationConstructorAccessor87'
Event: 25189.284 Thread 0x0000025d7ac08830 Unloading class 0x0000025d022c6800 'jdk/internal/reflect/GeneratedSerializationConstructorAccessor86'
Event: 25189.284 Thread 0x0000025d7ac08830 Unloading class 0x0000025d022c6400 'jdk/internal/reflect/GeneratedSerializationConstructorAccessor85'
Event: 25189.284 Thread 0x0000025d7ac08830 Unloading class 0x0000025d022c4400 'jdk/internal/reflect/GeneratedSerializationConstructorAccessor77'
Event: 25189.284 Thread 0x0000025d7ac08830 Unloading class 0x0000025d022c4000 'jdk/internal/reflect/GeneratedSerializationConstructorAccessor76'
Event: 25189.284 Thread 0x0000025d7ac08830 Unloading class 0x0000025d02269400 'jdk/internal/reflect/GeneratedSerializationConstructorAccessor71'
Event: 25189.284 Thread 0x0000025d7ac08830 Unloading class 0x0000025d02269000 'jdk/internal/reflect/GeneratedSerializationConstructorAccessor70'
Event: 25189.284 Thread 0x0000025d7ac08830 Unloading class 0x0000025d0221d000 'jdk/internal/reflect/GeneratedMethodAccessor57'
Event: 25189.284 Thread 0x0000025d7ac08830 Unloading class 0x0000025d0221cc00 'jdk/internal/reflect/GeneratedMethodAccessor56'
Event: 25189.284 Thread 0x0000025d7ac08830 Unloading class 0x0000025d01e02c00 'jdk/internal/reflect/GeneratedSerializationConstructorAccessor35'
Event: 25189.284 Thread 0x0000025d7ac08830 Unloading class 0x0000025d01cd8400 'jdk/internal/reflect/GeneratedMethodAccessor41'
Event: 25189.284 Thread 0x0000025d7ac08830 Unloading class 0x0000025d01cd8000 'jdk/internal/reflect/GeneratedMethodAccessor40'
Event: 25189.284 Thread 0x0000025d7ac08830 Unloading class 0x0000025d01c79800 'jdk/internal/reflect/GeneratedMethodAccessor39'
Event: 25189.284 Thread 0x0000025d7ac08830 Unloading class 0x0000025d01c79400 'jdk/internal/reflect/GeneratedMethodAccessor38'
Event: 25189.284 Thread 0x0000025d7ac08830 Unloading class 0x0000025d01c79000 'jdk/internal/reflect/GeneratedSerializationConstructorAccessor18'
Event: 25189.284 Thread 0x0000025d7ac08830 Unloading class 0x0000025d01bf4c00 'jdk/internal/reflect/GeneratedSerializationConstructorAccessor11'
Event: 25189.284 Thread 0x0000025d7ac08830 Unloading class 0x0000025d01bf4800 'jdk/internal/reflect/GeneratedSerializationConstructorAccessor10'

Classes redefined (0 events):
No events

Internal exceptions (20 events):
Event: 25189.539 Thread 0x0000025d43951740 Exception <a 'sun/nio/fs/WindowsException'{0x000000009ab87b30}> (0x000000009ab87b30) 
thrown [s\open\src\hotspot\share\prims\jni.cpp, line 516]
Event: 25189.540 Thread 0x0000025d43949dc0 Exception <a 'sun/nio/fs/WindowsException'{0x000000009c6ec7e8}> (0x000000009c6ec7e8) 
thrown [s\open\src\hotspot\share\prims\jni.cpp, line 516]
Event: 25189.541 Thread 0x0000025d43951230 Exception <a 'sun/nio/fs/WindowsException'{0x0000000098a02af0}> (0x0000000098a02af0) 
thrown [s\open\src\hotspot\share\prims\jni.cpp, line 516]
Event: 25189.541 Thread 0x0000025d4394bc20 Exception <a 'sun/nio/fs/WindowsException'{0x000000009a045738}> (0x000000009a045738) 
thrown [s\open\src\hotspot\share\prims\jni.cpp, line 516]
Event: 25189.541 Thread 0x0000025d4394f8e0 Exception <a 'sun/nio/fs/WindowsException'{0x0000000099b2ec78}> (0x0000000099b2ec78) 
thrown [s\open\src\hotspot\share\prims\jni.cpp, line 516]
Event: 25189.541 Thread 0x0000025d43951740 Exception <a 'sun/nio/fs/WindowsException'{0x000000009ab91750}> (0x000000009ab91750) 
thrown [s\open\src\hotspot\share\prims\jni.cpp, line 516]
Event: 25189.542 Thread 0x0000025d43949dc0 Exception <a 'sun/nio/fs/WindowsException'{0x000000009c6f5270}> (0x000000009c6f5270) 
thrown [s\open\src\hotspot\share\prims\jni.cpp, line 516]
Event: 25189.543 Thread 0x0000025d43951230 Exception <a 'sun/nio/fs/WindowsException'{0x0000000098a0a068}> (0x0000000098a0a068) 
thrown [s\open\src\hotspot\share\prims\jni.cpp, line 516]
Event: 25189.543 Thread 0x0000025d4394bc20 Exception <a 'sun/nio/fs/WindowsException'{0x000000009a04c788}> (0x000000009a04c788) 
thrown [s\open\src\hotspot\share\prims\jni.cpp, line 516]
Event: 25189.543 Thread 0x0000025d43951740 Exception <a 'sun/nio/fs/WindowsException'{0x000000009ab98128}> (0x000000009ab98128) 
thrown [s\open\src\hotspot\share\prims\jni.cpp, line 516]
Event: 25189.543 Thread 0x0000025d4394f8e0 Exception <a 'sun/nio/fs/WindowsException'{0x0000000099b449c8}> (0x0000000099b449c8) 
thrown [s\open\src\hotspot\share\prims\jni.cpp, line 516]
Event: 25189.544 Thread 0x0000025d43949dc0 Exception <a 'sun/nio/fs/WindowsException'{0x00000000974faf88}> (0x00000000974faf88) 
thrown [s\open\src\hotspot\share\prims\jni.cpp, line 516]
Event: 25189.544 Thread 0x0000025d4953b200 Exception <a 'sun/nio/fs/WindowsException'{0x00000000973814b0}> (0x00000000973814b0) 
thrown [s\open\src\hotspot\share\prims\jni.cpp, line 516]
Event: 25189.545 Thread 0x0000025d43951230 Exception <a 'sun/nio/fs/WindowsException'{0x0000000098a10d78}> (0x0000000098a10d78) 
thrown [s\open\src\hotspot\share\prims\jni.cpp, line 516]
Event: 25189.545 Thread 0x0000025d4394bc20 Exception <a 'sun/nio/fs/WindowsException'{0x000000009a0535e8}> (0x000000009a0535e8) 
thrown [s\open\src\hotspot\share\prims\jni.cpp, line 516]
Event: 25189.545 Thread 0x0000025d4394a7e0 Exception <a 'sun/nio/fs/WindowsException'{0x0000000096de2d18}> (0x0000000096de2d18) 
thrown [s\open\src\hotspot\share\prims\jni.cpp, line 516]
Event: 25189.546 Thread 0x0000025d439498b0 Exception <a 'sun/nio/fs/WindowsException'{0x00000000969bc0a0}> (0x00000000969bc0a0) 
thrown [s\open\src\hotspot\share\prims\jni.cpp, line 516]
Event: 25189.546 Thread 0x0000025d43951740 Exception <a 'sun/nio/fs/WindowsException'{0x000000009ab9ebd0}> (0x000000009ab9ebd0) 
thrown [s\open\src\hotspot\share\prims\jni.cpp, line 516]
Event: 25189.546 Thread 0x0000025d4394f8e0 Exception <a 'sun/nio/fs/WindowsException'{0x0000000096647890}> (0x0000000096647890) 
thrown [s\open\src\hotspot\share\prims\jni.cpp, line 516]
Event: 25189.547 Thread 0x0000025d43949dc0 Exception <a 'sun/nio/fs/WindowsException'{0x0000000096342220}> (0x0000000096342220) 
thrown [s\open\src\hotspot\share\prims\jni.cpp, line 516]

VM Operations (20 events):
Event: 20792.691 Executing VM operation: G1CollectFull done
Event: 20800.002 Executing VM operation: HandshakeAllThreads
Event: 20800.002 Executing VM operation: HandshakeAllThreads done
Event: 22311.728 Executing VM operation: Cleanup
Event: 22311.732 Executing VM operation: Cleanup done
Event: 25188.109 Executing VM operation: Cleanup
Event: 25188.112 Executing VM operation: Cleanup done
Event: 25188.471 Executing VM operation: HandshakeAllThreads
Event: 25188.471 Executing VM operation: HandshakeAllThreads done
Event: 25189.246 Executing VM operation: G1CollectForAllocation
Event: 25189.251 Executing VM operation: G1CollectForAllocation done
Event: 25189.282 Executing VM operation: G1Concurrent
Event: 25189.322 Executing VM operation: G1Concurrent done
Event: 25189.332 Executing VM operation: G1Concurrent
Event: 25189.333 Executing VM operation: G1Concurrent done
Event: 25189.499 Executing VM operation: G1CollectForAllocation
Event: 25189.511 Executing VM operation: G1CollectForAllocation done
Event: 25189.511 Executing VM operation: G1CollectForAllocation
Event: 25189.518 Executing VM operation: G1CollectForAllocation done
Event: 25189.547 Executing VM operation: G1CollectForAllocation

Events (20 events):
Event: 25189.455 Thread 0x0000025d43952670 Thread added: 0x0000025d43952670
Event: 25189.455 Thread 0x0000025d43955e20 Thread added: 0x0000025d43955e20
Event: 25189.455 Thread 0x0000025d43953ab0 Thread added: 0x0000025d43953ab0
Event: 25189.456 Thread 0x0000025d43952b80 Thread added: 0x0000025d43952b80
Event: 25189.456 Thread 0x0000025d4394fdf0 Thread added: 0x0000025d4394fdf0
Event: 25189.456 Thread 0x0000025d43953090 Thread added: 0x0000025d43953090
Event: 25189.457 Thread 0x0000025d43953fc0 Thread added: 0x0000025d43953fc0
Event: 25189.457 Thread 0x0000025d439535a0 Thread added: 0x0000025d439535a0
Event: 25189.457 Thread 0x0000025d43956330 Thread added: 0x0000025d43956330
Event: 25189.457 Thread 0x0000025d439544d0 Thread added: 0x0000025d439544d0
Event: 25189.458 Thread 0x0000025d439549e0 Thread added: 0x0000025d439549e0
Event: 25189.458 Thread 0x0000025d43954ef0 Thread added: 0x0000025d43954ef0
Event: 25189.458 Thread 0x0000025d43955400 Thread added: 0x0000025d43955400
Event: 25189.459 Thread 0x0000025d8df78c10 Thread added: 0x0000025d8df78c10
Event: 25189.459 Thread 0x0000025d8df7d2f0 Thread added: 0x0000025d8df7d2f0
Event: 25189.459 Thread 0x0000025d8df777d0 Thread added: 0x0000025d8df777d0
Event: 25189.476 Thread 0x0000025d491b6aa0 Thread added: 0x0000025d491b6aa0
Event: 25189.476 Thread 0x0000025d491b6550 Thread added: 0x0000025d491b6550
Event: 25189.476 Thread 0x0000025d491b6000 Thread added: 0x0000025d491b6000
Event: 25189.476 Thread 0x0000025d491b6ff0 Thread added: 0x0000025d491b6ff0


Dynamic libraries:
0x00007ff779880000 - 0x00007ff779890000 	C:\Program Files\Java\jdk-17\bin\java.exe
0x00007ffaf7450000 - 0x00007ffaf7648000 	C:\Windows\SYSTEM32\ntdll.dll
0x00007ffaf5e40000 - 0x00007ffaf5f02000 	C:\Windows\System32\KERNEL32.DLL
0x00007ffaf5170000 - 0x00007ffaf5466000 	C:\Windows\System32\KERNELBASE.dll
0x00007ffaf4ae0000 - 0x00007ffaf4be0000 	C:\Windows\System32\ucrtbase.dll
0x00007ffab6930000 - 0x00007ffab694b000 	C:\Program Files\Java\jdk-17\bin\VCRUNTIME140.dll
0x00007ffab6520000 - 0x00007ffab6539000 	C:\Program Files\Java\jdk-17\bin\jli.dll
0x00007ffaf71d0000 - 0x00007ffaf7281000 	C:\Windows\System32\ADVAPI32.dll
0x00007ffaf5c10000 - 0x00007ffaf5cae000 	C:\Windows\System32\msvcrt.dll
0x00007ffaf6a50000 - 0x00007ffaf6aef000 	C:\Windows\System32\sechost.dll
0x00007ffaf72c0000 - 0x00007ffaf73e0000 	C:\Windows\System32\RPCRT4.dll
0x00007ffaf50b0000 - 0x00007ffaf50d7000 	C:\Windows\System32\bcrypt.dll
0x00007ffaf5f10000 - 0x00007ffaf60b1000 	C:\Windows\System32\USER32.dll
0x00007ffaf4c60000 - 0x00007ffaf4c82000 	C:\Windows\System32\win32u.dll
0x00007ffaf73e0000 - 0x00007ffaf740b000 	C:\Windows\System32\GDI32.dll
0x00007ffae5910000 - 0x00007ffae5bab000 	C:\Windows\WinSxS\amd64_microsoft.windows.common-controls_6595b64144ccf1df_6.0.19041.6456_none_60b8a6cb71f64256\COMCTL32.dll
0x00007ffaf4e40000 - 0x00007ffaf4f59000 	C:\Windows\System32\gdi32full.dll
0x00007ffaf5010000 - 0x00007ffaf50ad000 	C:\Windows\System32\msvcp_win.dll
0x00007ffaf0f90000 - 0x00007ffaf0f9a000 	C:\Windows\SYSTEM32\VERSION.dll
0x00007ffaf7290000 - 0x00007ffaf72bf000 	C:\Windows\System32\IMM32.DLL
0x00007ffac80b0000 - 0x00007ffac80bc000 	C:\Program Files\Java\jdk-17\bin\vcruntime140_1.dll
0x00007ffab2870000 - 0x00007ffab28fe000 	C:\Program Files\Java\jdk-17\bin\msvcp140.dll
0x00007ffa8d160000 - 0x00007ffa8dd40000 	C:\Program Files\Java\jdk-17\bin\server\jvm.dll
0x00007ffaf70e0000 - 0x00007ffaf70e8000 	C:\Windows\System32\PSAPI.DLL
0x00007ffad0260000 - 0x00007ffad0269000 	C:\Windows\SYSTEM32\WSOCK32.dll
0x00007ffae7120000 - 0x00007ffae7147000 	C:\Windows\SYSTEM32\WINMM.dll
0x00007ffaf61c0000 - 0x00007ffaf622b000 	C:\Windows\System32\WS2_32.dll
0x00007ffaf32e0000 - 0x00007ffaf32f2000 	C:\Windows\SYSTEM32\kernel.appcore.dll
0x00007ffabd610000 - 0x00007ffabd61a000 	C:\Program Files\Java\jdk-17\bin\jimage.dll
0x00007ffaf2e00000 - 0x00007ffaf3001000 	C:\Windows\SYSTEM32\DBGHELP.DLL
0x00007ffae3d10000 - 0x00007ffae3d44000 	C:\Windows\SYSTEM32\dbgcore.DLL
0x00007ffaf50e0000 - 0x00007ffaf5162000 	C:\Windows\System32\bcryptPrimitives.dll
0x00007ffab57d0000 - 0x00007ffab57f5000 	C:\Program Files\Java\jdk-17\bin\java.dll
0x00007ffab2640000 - 0x00007ffab2717000 	C:\Program Files\Java\jdk-17\bin\jsvml.dll
0x00007ffaf6230000 - 0x00007ffaf69a0000 	C:\Windows\System32\SHELL32.dll
0x00007ffaf1ce0000 - 0x00007ffaf2485000 	C:\Windows\SYSTEM32\windows.storage.dll
0x00007ffaf6ca0000 - 0x00007ffaf6ff4000 	C:\Windows\System32\combase.dll
0x00007ffaf4430000 - 0x00007ffaf445b000 	C:\Windows\SYSTEM32\Wldp.dll
0x00007ffaf60c0000 - 0x00007ffaf618d000 	C:\Windows\System32\OLEAUT32.dll
0x00007ffaf55c0000 - 0x00007ffaf566d000 	C:\Windows\System32\SHCORE.dll
0x00007ffaf7170000 - 0x00007ffaf71cb000 	C:\Windows\System32\shlwapi.dll
0x00007ffaf4a10000 - 0x00007ffaf4a34000 	C:\Windows\SYSTEM32\profapi.dll
0x00007ffab5710000 - 0x00007ffab5729000 	C:\Program Files\Java\jdk-17\bin\net.dll
0x00007ffaee7b0000 - 0x00007ffaee8ba000 	C:\Windows\SYSTEM32\WINHTTP.dll
0x00007ffaf4210000 - 0x00007ffaf427a000 	C:\Windows\system32\mswsock.dll
0x00007ffab4b50000 - 0x00007ffab4b66000 	C:\Program Files\Java\jdk-17\bin\nio.dll
0x00007ffab4a40000 - 0x00007ffab4a58000 	C:\Program Files\Java\jdk-17\bin\zip.dll
0x00007ffabcbe0000 - 0x00007ffabcbf0000 	C:\Program Files\Java\jdk-17\bin\verify.dll
0x00007ffab2770000 - 0x00007ffab2797000 	C:\Users\yuanshi\.gradle\native\c067742578af261105cb4f569cf0c3c89f3d7b1fecec35dd04571415982c5e48\windows-amd64\native-platform.dll
0x00007ffaa7630000 - 0x00007ffaa7774000 	C:\Users\yuanshi\.gradle\native\38dada09dfb8b06ba9b0570ebf7e218e3eb74d4ef43ca46872605cf95ebc2f47\windows-amd64\native-platform-file-events.dll
0x00007ffabcb80000 - 0x00007ffabcb8a000 	C:\Program Files\Java\jdk-17\bin\management.dll
0x00007ffab9d60000 - 0x00007ffab9d6b000 	C:\Program Files\Java\jdk-17\bin\management_ext.dll
0x00007ffaf4470000 - 0x00007ffaf4488000 	C:\Windows\SYSTEM32\CRYPTSP.dll
0x00007ffaf3ae0000 - 0x00007ffaf3b18000 	C:\Windows\system32\rsaenh.dll
0x00007ffaf4990000 - 0x00007ffaf49be000 	C:\Windows\SYSTEM32\USERENV.dll
0x00007ffaf43a0000 - 0x00007ffaf43ac000 	C:\Windows\SYSTEM32\CRYPTBASE.dll
0x00007ffaf3ec0000 - 0x00007ffaf3efb000 	C:\Windows\SYSTEM32\IPHLPAPI.DLL
0x00007ffaf5cb0000 - 0x00007ffaf5cb8000 	C:\Windows\System32\NSI.dll
0x00007ffaf0ff0000 - 0x00007ffaf1007000 	C:\Windows\SYSTEM32\dhcpcsvc6.DLL
0x00007ffaf0750000 - 0x00007ffaf076d000 	C:\Windows\SYSTEM32\dhcpcsvc.DLL
0x00007ffaf3f10000 - 0x00007ffaf3fda000 	C:\Windows\SYSTEM32\DNSAPI.dll
0x00007ffab6920000 - 0x00007ffab692e000 	C:\Program Files\Java\jdk-17\bin\sunmscapi.dll
0x00007ffaf4ce0000 - 0x00007ffaf4e3d000 	C:\Windows\System32\CRYPT32.dll
0x00007ffaf4580000 - 0x00007ffaf45a7000 	C:\Windows\SYSTEM32\ncrypt.dll
0x00007ffaf4540000 - 0x00007ffaf457b000 	C:\Windows\SYSTEM32\NTASN1.dll
0x00007ffac96c0000 - 0x00007ffac96c7000 	C:\Windows\system32\wshunix.dll
0x00007ffaea560000 - 0x00007ffaea56a000 	C:\Windows\System32\rasadhlp.dll
0x00007ffae9e20000 - 0x00007ffae9ea0000 	C:\Windows\System32\fwpuclnt.dll
0x00007ffaf3d30000 - 0x00007ffaf3d63000 	C:\Windows\SYSTEM32\ntmarta.dll
0x00007ffac4160000 - 0x00007ffac4177000 	C:\Windows\system32\napinsp.dll
0x00007ffac4140000 - 0x00007ffac415b000 	C:\Windows\system32\pnrpnsp.dll
0x00007ffac4100000 - 0x00007ffac411d000 	C:\Windows\system32\wshbth.dll
0x00007ffaf0560000 - 0x00007ffaf057d000 	C:\Windows\system32\NLAapi.dll
0x00007ffac3fc0000 - 0x00007ffac3fd2000 	C:\Windows\System32\winrnr.dll
0x00007ffaf00b0000 - 0x00007ffaf0144000 	C:\Windows\system32\apphelp.dll
0x00007ffac8f70000 - 0x00007ffac8f8e000 	C:\Users\yuanshi\AppData\Local\Temp\native-platform3796912165494015320dir\native-platform.dll
0x00007ffac9070000 - 0x00007ffac9077000 	C:\Program Files\Java\jdk-17\bin\rmi.dll

dbghelp: loaded successfully - version: 4.0.5 - missing functions: none
symbol engine: initialized successfully - sym options: 0x614 - pdb path: .;C:\Program Files\Java\jdk-17\bin;C:\Windows\SYSTEM32;C:\Windows\WinSxS\amd64_microsoft.windows.common-controls_6595b64144ccf1df_6.0.19041.6456_none_60b8a6cb71f64256;C:\Program Files\Java\jdk-17\bin\server;C:\Users\yuanshi\.gradle\native\c067742578af261105cb4f569cf0c3c89f3d7b1fecec35dd04571415982c5e48\windows-amd64;C:\Users\yuanshi\.gradle\native\38dada09dfb8b06ba9b0570ebf7e218e3eb74d4ef43ca46872605cf95ebc2f47\windows-amd64;C:\Users\yuanshi\AppData\Local\Temp\native-platform3796912165494015320dir

VM Arguments:
jvm_args: --add-opens=java.base/java.util=ALL-UNNAMED --add-opens=java.base/java.lang=ALL-UNNAMED --add-opens=java.base/java.lang.invoke=ALL-UNNAMED --add-opens=java.prefs/java.util.prefs=ALL-UNNAMED --add-opens=java.base/java.nio.charset=ALL-UNNAMED --add-opens=java.base/java.net=ALL-UNNAMED --add-opens=java.base/java.util.concurrent.atomic=ALL-UNNAMED -Xmx2048m -Dfile.encoding=UTF-8 -Duser.country=CN -Duser.language=zh -Duser.variant 
java_command: org.gradle.launcher.daemon.bootstrap.GradleDaemon 7.6.4
java_class_path (initial): C:\Users\yuanshi\.gradle\wrapper\dists\gradle-7.6.4-bin\eq47ircvekz8t0m2yd28ebfsh\gradle-7.6.4\lib\gradle-launcher-7.6.4.jar
Launcher Type: SUN_STANDARD

[Global flags]
     intx CICompilerCount                          = 15                                        {product} {ergonomic}
     uint ConcGCThreads                            = 6                                         {product} {ergonomic}
     uint G1ConcRefinementThreads                  = 23                                        {product} {ergonomic}
   size_t G1HeapRegionSize                         = 1048576                                   {product} {ergonomic}
    uintx GCDrainStackTargetSize                   = 64                                        {product} {ergonomic}
   size_t InitialHeapSize                          = 536870912                                 {product} {ergonomic}
   size_t MarkStackSize                            = 4194304                                   {product} {ergonomic}
   size_t MaxHeapSize                              = 2147483648                                {product} {command line}
   size_t MaxNewSize                               = 1287651328                                {product} {ergonomic}
   size_t MinHeapDeltaBytes                        = 1048576                                   {product} {ergonomic}
   size_t MinHeapSize                              = 8388608                                   {product} {ergonomic}
    uintx NonNMethodCodeHeapSize                   = 8192380                                {pd product} {ergonomic}
    uintx NonProfiledCodeHeapSize                  = 121732930                              {pd product} {ergonomic}
    uintx ProfiledCodeHeapSize                     = 121732930                              {pd product} {ergonomic}
    uintx ReservedCodeCacheSize                    = 251658240                              {pd product} {ergonomic}
     bool SegmentedCodeCache                       = true                                      {product} {ergonomic}
   size_t SoftMaxHeapSize                          = 2147483648                             {manageable} {ergonomic}
     bool UseCompressedClassPointers               = true                           {product lp64_product} {ergonomic}
     bool UseCompressedOops                        = true                           {product lp64_product} {ergonomic}
     bool UseG1GC                                  = true                                      {product} {ergonomic}
     bool UseLargePagesIndividualAllocation        = false                                  {pd product} {ergonomic}

Logging:
Log output configuration:
 #0: stdout all=warning uptime,level,tags
 #1: stderr all=off uptime,level,tags

Environment Variables:
PATH=C:\Program Files\WindowsApps\Microsoft.PowerShell_7.6.6.0_x64__8wekyb3d8bbwe;C:\Users\yuanshi\.codex\tmp\arg0\codex-arg0vsErsG;C:\Users\yuanshi\AppData\Local\nvm\v22.20.0\node_modules\@openai\codex\node_modules\@openai\codex-win32-x64\vendor\x86_64-pc-windows-msvc\codex-path;C:\Program Files\WindowsApps\Microsoft.PowerShell_7.6.6.0_x64__8wekyb3d8bbwe;C:\Program Files\NVIDIA GPU Computing Toolkit\CUDA\v12.8\bin;C:\Program Files\NVIDIA GPU Computing Toolkit\CUDA\v12.8\libnvvp;C:\Program Files (x86)\NVIDIA Corporation\PhysX\Common;C:\Program Files\Common Files\Oracle\Java\javapath;C:\Windows\system32;C:\Windows;C:\Windows\System32\Wbem;C:\Windows\System32\WindowsPowerShell\v1.0\;C:\Windows\System32\OpenSSH\;C:\Program Files\dotnet\;C:\ffmpeg\bin;C:\platform-tools;C:\Program Files\MATLAB\MATLAB Runtime\v95\runtime\win64;C:\Program Files\MATLAB\R2024a\runtime\win64;C:\Program Files\MATLAB\R2024a\bin;C:\Program Files\MATLAB\MATLAB Runtime\R2023b\runtime\win64;C:\Program Files\Git\cmd;C:\Program Files (x86)\STMicroelectronics\STM32 ST-LINK Utility\ST-LINK Utility;C:\ProgramData\miniconda3;C:\ProgramData\miniconda3\condabin;C:\ProgramData\miniconda3\Scripts;C:\Users\yuanshi\AppData\Local\nvm;C:\nvm4w\nodejs;C:\Users\yuanshi\AppData\Roaming\Python\Python311\Scripts;C:\Program Files\Docker\Docker\resources\bin;C:\mingw64\bin;C:\Program Files\Go\bin;C:\Program Files\GitHub CLI\;C:\Program Files\cursor\resources\app\bin;C:\Program Files (x86)\Windows Kits\8.1\Windows Performance Toolkit\;C:\Program Files (x86)\Microsoft SQL Server\160\Tools\Binn\;C:\Program Files\Microsoft SQL Server\160\Tools\Binn\;C:\Program Files\Microsoft SQL Server\Client SDK\ODBC\170\Tools\Binn\;C:\Program Files\Microsoft SQL Server\160\DTS\Binn\;C:\Users\yuanshi\.local\bin\;F:\E\hack\proxmark3-max\GUI\client;C:\Program Files\usbipd-win\;C:\Program Files\CMake\bin;C:\Program Files\Sunshine;C:\Program Files\Sunshine\tools;F:\E\Android\gradle-9.4.1\bin;D:\mysql;C:\Program Files\NVIDIA Corporation\NVIDIA A
USERNAME=yuanshi
LANG=C.UTF-8
LC_ALL=C.UTF-8
LC_CTYPE=C.UTF-8
OS=Windows_NT
PROCESSOR_IDENTIFIER=AMD64 Family 25 Model 33 Stepping 0, AuthenticAMD



---------------  S Y S T E M  ---------------

OS:
 Windows 10 , 64 bit Build 19041 (10.0.19041.5915)
OS uptime: 1 days 10:18 hours
Hyper-V role detected

CPU: total 32 (initial active 32) (32 cores per cpu, 2 threads per core) family 25 model 33 stepping 0 microcode 0x0, cx8, cmov, fxsr, ht, mmx, 3dnowpref, sse, sse2, sse3, ssse3, sse4a, sse4.1, sse4.2, popcnt, lzcnt, tsc, tscinvbit, avx, avx2, aes, erms, clmul, bmi1, bmi2, adx, sha, fma, vzeroupper, clflush, clflushopt, hv

Memory: 4k page, system-wide physical 32692M (1091M free)
TotalPageFile size 57312M (AvailPageFile size 576M)
current process WorkingSet (physical memory assigned to process): 1223M, peak: 2527M
current process commit charge ("private bytes"): 1332M, peak: 2898M

vm_info: Java HotSpot(TM) 64-Bit Server VM (17.0.12+8-LTS-286) for windows-amd64 JRE (17.0.12+8-LTS-286), built on Jun  5 2024 06:46:59 by "mach5one" with MS VC++ 17.6 (VS2022)

END.
